,screen_pixel_size,new_response_max,new_response_min,viewing_distance,image_height,image_width,num_flank,flank_distance,target_orientation,flank_orientation,gap,offset,image,sigma,K,rms,rrms,resp.keys,resp.rt,expName,session,date,participant
0,0.282,100,0,22.0,600,600,1,-1.0,0,45,0,10,pachai_01_-1_00_45_00.png,0.8119026961336693,5.0,0.0365366367982275,0.0110957493208992,0,0,pachai,0,2019_Jun_16_1310,model
1,0.282,100,0,22.0,600,600,1,-1.0,0,45,1,10,pachai_01_-1_00_45_01.png,0.8119026961336693,5.0,0.0365366367982275,0.0110957493208992,0,0,pachai,0,2019_Jun_16_1310,model
2,0.282,100,0,22.0,600,600,1,-1.0,0,135,0,10,pachai_01_-1_00_135_00.png,0.8119026961336693,5.0,0.0365366367982275,0.0110957493208992,0,0,pachai,0,2019_Jun_16_1310,model
3,0.282,100,0,22.0,600,600,1,-1.0,0,135,1,10,pachai_01_-1_00_135_01.png,0.8119026961336693,5.0,0.0365366367982275,0.0110957493208992,0,0,pachai,0,2019_Jun_16_1310,model
4,0.282,100,0,22.0,600,600,1,-1.0,0,225,0,10,pachai_01_-1_00_225_00.png,0.8119026961336693,5.0,0.0365366367982275,0.0110957493208992,0,0,pachai,0,2019_Jun_16_1310,model
5,0.282,100,0,22.0,600,600,1,-1.0,0,225,1,10,pachai_01_-1_00_225_01.png,0.8119026961336693,5.0,0.0365366367982275,0.0110957493208992,0,0,pachai,0,2019_Jun_16_1310,model
6,0.282,100,0,22.0,600,600,1,-1.0,0,315,0,10,pachai_01_-1_00_315_00.png,0.8119026961336693,5.0,0.0365366367982275,0.0110957493208992,0,0,pachai,0,2019_Jun_16_1310,model
7,0.282,100,0,22.0,600,600,1,-1.0,0,315,1,10,pachai_01_-1_00_315_01.png,0.8119026961336693,5.0,0.0365366367982275,0.0110957493208992,0,0,pachai,0,2019_Jun_16_1310,model
8,0.282,100,0,22.0,600,600,1,-1.0,90,45,0,10,pachai_01_-1_90_45_00.png,0.8119026961336693,5.0,0.03638709260435219,0.01104670918506495,0,0,pachai,0,2019_Jun_16_1310,model
9,0.282,100,0,22.0,600,600,1,-1.0,90,45,1,10,pachai_01_-1_90_45_01.png,0.8119026961336693,5.0,0.03638709260435219,0.01104670918506495,0,0,pachai,0,2019_Jun_16_1310,model
10,0.282,100,0,22.0,600,600,1,-1.0,90,135,0,10,pachai_01_-1_90_135_00.png,0.8119026961336693,5.0,0.03638709260435219,0.01104670918506495,0,0,pachai,0,2019_Jun_16_1310,model
11,0.282,100,0,22.0,600,600,1,-1.0,90,135,1,10,pachai_01_-1_90_135_01.png,0.8119026961336693,5.0,0.03638709260435219,0.01104670918506495,0,0,pachai,0,2019_Jun_16_1310,model
12,0.282,100,0,22.0,600,600,1,-1.0,90,225,0,10,pachai_01_-1_90_225_00.png,0.8119026961336693,5.0,0.03638709260435219,0.01104670918506495,0,0,pachai,0,2019_Jun_16_1310,model
13,0.282,100,0,22.0,600,600,1,-1.0,90,225,1,10,pachai_01_-1_90_225_01.png,0.8119026961336693,5.0,0.03638709260435219,0.01104670918506495,0,0,pachai,0,2019_Jun_16_1310,model
14,0.282,100,0,22.0,600,600,1,-1.0,90,315,0,10,pachai_01_-1_90_315_00.png,0.8119026961336693,5.0,0.03638709260435219,0.01104670918506495,0,0,pachai,0,2019_Jun_16_1310,model
15,0.282,100,0,22.0,600,600,1,-1.0,90,315,1,10,pachai_01_-1_90_315_01.png,0.8119026961336693,5.0,0.03638709260435219,0.01104670918506495,0,0,pachai,0,2019_Jun_16_1310,model
16,0.282,100,0,22.0,600,600,1,-1.0,180,45,0,10,pachai_01_-1_180_45_00.png,0.8119026961336693,5.0,0.036387092604352196,0.011046709185064953,0,0,pachai,0,2019_Jun_16_1310,model
17,0.282,100,0,22.0,600,600,1,-1.0,180,45,1,10,pachai_01_-1_180_45_01.png,0.8119026961336693,5.0,0.036387092604352196,0.011046709185064953,0,0,pachai,0,2019_Jun_16_1310,model
18,0.282,100,0,22.0,600,600,1,-1.0,180,135,0,10,pachai_01_-1_180_135_00.png,0.8119026961336693,5.0,0.036387092604352196,0.011046709185064953,0,0,pachai,0,2019_Jun_16_1310,model
19,0.282,100,0,22.0,600,600,1,-1.0,180,135,1,10,pachai_01_-1_180_135_01.png,0.8119026961336693,5.0,0.036387092604352196,0.011046709185064953,0,0,pachai,0,2019_Jun_16_1310,model
20,0.282,100,0,22.0,600,600,1,-1.0,180,225,0,10,pachai_01_-1_180_225_00.png,0.8119026961336693,5.0,0.036387092604352196,0.011046709185064953,0,0,pachai,0,2019_Jun_16_1310,model
21,0.282,100,0,22.0,600,600,1,-1.0,180,225,1,10,pachai_01_-1_180_225_01.png,0.8119026961336693,5.0,0.036387092604352196,0.011046709185064953,0,0,pachai,0,2019_Jun_16_1310,model
22,0.282,100,0,22.0,600,600,1,-1.0,180,315,0,10,pachai_01_-1_180_315_00.png,0.8119026961336693,5.0,0.036387092604352196,0.011046709185064953,0,0,pachai,0,2019_Jun_16_1310,model
23,0.282,100,0,22.0,600,600,1,-1.0,180,315,1,10,pachai_01_-1_180_315_01.png,0.8119026961336693,5.0,0.036387092604352196,0.011046709185064953,0,0,pachai,0,2019_Jun_16_1310,model
24,0.282,100,0,22.0,600,600,1,-1.0,270,45,0,10,pachai_01_-1_270_45_00.png,0.8119026961336693,5.0,0.0365366367982275,0.011095749320899202,0,0,pachai,0,2019_Jun_16_1310,model
25,0.282,100,0,22.0,600,600,1,-1.0,270,45,1,10,pachai_01_-1_270_45_01.png,0.8119026961336693,5.0,0.0365366367982275,0.011095749320899202,0,0,pachai,0,2019_Jun_16_1310,model
26,0.282,100,0,22.0,600,600,1,-1.0,270,135,0,10,pachai_01_-1_270_135_00.png,0.8119026961336693,5.0,0.0365366367982275,0.011095749320899202,0,0,pachai,0,2019_Jun_16_1310,model
27,0.282,100,0,22.0,600,600,1,-1.0,270,135,1,10,pachai_01_-1_270_135_01.png,0.8119026961336693,5.0,0.0365366367982275,0.011095749320899202,0,0,pachai,0,2019_Jun_16_1310,model
28,0.282,100,0,22.0,600,600,1,-1.0,270,225,0,10,pachai_01_-1_270_225_00.png,0.8119026961336693,5.0,0.0365366367982275,0.011095749320899202,0,0,pachai,0,2019_Jun_16_1310,model
29,0.282,100,0,22.0,600,600,1,-1.0,270,225,1,10,pachai_01_-1_270_225_01.png,0.8119026961336693,5.0,0.0365366367982275,0.011095749320899202,0,0,pachai,0,2019_Jun_16_1310,model
30,0.282,100,0,22.0,600,600,1,-1.0,270,315,0,10,pachai_01_-1_270_315_00.png,0.8119026961336693,5.0,0.0365366367982275,0.011095749320899202,0,0,pachai,0,2019_Jun_16_1310,model
31,0.282,100,0,22.0,600,600,1,-1.0,270,315,1,10,pachai_01_-1_270_315_01.png,0.8119026961336693,5.0,0.0365366367982275,0.011095749320899202,0,0,pachai,0,2019_Jun_16_1310,model
32,0.282,100,0,22.0,600,600,1,0.5,0,45,0,10,pachai_01_0.5_00_45_00.png,0.8119026961336693,5.0,0.06300159113620495,0.01877965647079332,0,0,pachai,0,2019_Jun_16_1310,model
33,0.282,100,0,22.0,600,600,1,0.5,0,45,1,10,pachai_01_0.5_00_45_01.png,0.8119026961336693,5.0,0.06023902697245565,0.018260963232415276,0,0,pachai,0,2019_Jun_16_1310,model
34,0.282,100,0,22.0,600,600,1,0.5,0,135,0,10,pachai_01_0.5_00_135_00.png,0.8119026961336693,5.0,0.06300159113620495,0.01877965647079332,0,0,pachai,0,2019_Jun_16_1310,model
35,0.282,100,0,22.0,600,600,1,0.5,0,135,1,10,pachai_01_0.5_00_135_01.png,0.8119026961336693,5.0,0.06019461677350925,0.018239681033548217,0,0,pachai,0,2019_Jun_16_1310,model
36,0.282,100,0,22.0,600,600,1,0.5,0,225,0,10,pachai_01_0.5_00_225_00.png,0.8119026961336693,5.0,0.06300159113620495,0.01877965647079332,0,0,pachai,0,2019_Jun_16_1310,model
37,0.282,100,0,22.0,600,600,1,0.5,0,225,1,10,pachai_01_0.5_00_225_01.png,0.8119026961336693,5.0,0.060239026972455645,0.018250864526230988,0,0,pachai,0,2019_Jun_16_1310,model
38,0.282,100,0,22.0,600,600,1,0.5,0,315,0,10,pachai_01_0.5_00_315_00.png,0.8119026961336693,5.0,0.06300159113620495,0.01877965647079332,0,0,pachai,0,2019_Jun_16_1310,model
39,0.282,100,0,22.0,600,600,1,0.5,0,315,1,10,pachai_01_0.5_00_315_01.png,0.8119026961336693,5.0,0.060283402422939135,0.01827392300546075,0,0,pachai,0,2019_Jun_16_1310,model
40,0.282,100,0,22.0,600,600,1,0.5,90,45,0,10,pachai_01_0.5_90_45_00.png,0.8119026961336693,5.0,0.06291688574307847,0.018751462636808266,0,0,pachai,0,2019_Jun_16_1310,model
41,0.282,100,0,22.0,600,600,1,0.5,90,45,1,10,pachai_01_0.5_90_45_01.png,0.8119026961336693,5.0,0.060150171749133466,0.0182314318511445,0,0,pachai,0,2019_Jun_16_1310,model
42,0.282,100,0,22.0,600,600,1,0.5,90,135,0,10,pachai_01_0.5_90_135_00.png,0.8119026961336693,5.0,0.06291688574307847,0.018751462636808266,0,0,pachai,0,2019_Jun_16_1310,model
43,0.282,100,0,22.0,600,600,1,0.5,90,135,1,10,pachai_01_0.5_90_135_01.png,0.8119026961336693,5.0,0.06010569182207334,0.018220432315568365,0,0,pachai,0,2019_Jun_16_1310,model
44,0.282,100,0,22.0,600,600,1,0.5,90,225,0,10,pachai_01_0.5_90_225_00.png,0.8119026961336693,5.0,0.06291688574307847,0.018751462636808266,0,0,pachai,0,2019_Jun_16_1310,model
45,0.282,100,0,22.0,600,600,1,0.5,90,225,1,10,pachai_01_0.5_90_225_01.png,0.8119026961336693,5.0,0.060150171749133466,0.018221852535168854,0,0,pachai,0,2019_Jun_16_1310,model
46,0.282,100,0,22.0,600,600,1,0.5,90,315,0,10,pachai_01_0.5_90_315_00.png,0.8119026961336693,5.0,0.06291688574307847,0.018751462636808266,0,0,pachai,0,2019_Jun_16_1310,model
47,0.282,100,0,22.0,600,600,1,0.5,90,315,1,10,pachai_01_0.5_90_315_01.png,0.8119026961336693,5.0,0.06019461677350925,0.01823202981599186,0,0,pachai,0,2019_Jun_16_1310,model
48,0.282,100,0,22.0,600,600,1,0.5,180,45,0,10,pachai_01_0.5_180_45_00.png,0.8119026961336693,5.0,0.06291688574307848,0.018751462636808266,0,0,pachai,0,2019_Jun_16_1310,model
49,0.282,100,0,22.0,600,600,1,0.5,180,45,1,10,pachai_01_0.5_180_45_01.png,0.8119026961336693,5.0,0.060150171749133466,0.01822185253516886,0,0,pachai,0,2019_Jun_16_1310,model
50,0.282,100,0,22.0,600,600,1,0.5,180,135,0,10,pachai_01_0.5_180_135_00.png,0.8119026961336693,5.0,0.06291688574307848,0.018751462636808266,0,0,pachai,0,2019_Jun_16_1310,model
51,0.282,100,0,22.0,600,600,1,0.5,180,135,1,10,pachai_01_0.5_180_135_01.png,0.8119026961336693,5.0,0.06010569182207334,0.01822043231556836,0,0,pachai,0,2019_Jun_16_1310,model
52,0.282,100,0,22.0,600,600,1,0.5,180,225,0,10,pachai_01_0.5_180_225_00.png,0.8119026961336693,5.0,0.06291688574307848,0.018751462636808266,0,0,pachai,0,2019_Jun_16_1310,model
53,0.282,100,0,22.0,600,600,1,0.5,180,225,1,10,pachai_01_0.5_180_225_01.png,0.8119026961336693,5.0,0.06015017174913346,0.018231431851144498,0,0,pachai,0,2019_Jun_16_1310,model
54,0.282,100,0,22.0,600,600,1,0.5,180,315,0,10,pachai_01_0.5_180_315_00.png,0.8119026961336693,5.0,0.06291688574307848,0.018751462636808266,0,0,pachai,0,2019_Jun_16_1310,model
55,0.282,100,0,22.0,600,600,1,0.5,180,315,1,10,pachai_01_0.5_180_315_01.png,0.8119026961336693,5.0,0.06019461677350924,0.018232029815991858,0,0,pachai,0,2019_Jun_16_1310,model
56,0.282,100,0,22.0,600,600,1,0.5,270,45,0,10,pachai_01_0.5_270_45_00.png,0.8119026961336693,5.0,0.06300159113620495,0.01877965647079332,0,0,pachai,0,2019_Jun_16_1310,model
57,0.282,100,0,22.0,600,600,1,0.5,270,45,1,10,pachai_01_0.5_270_45_01.png,0.8119026961336693,5.0,0.06023902697245565,0.018250864526230988,0,0,pachai,0,2019_Jun_16_1310,model
58,0.282,100,0,22.0,600,600,1,0.5,270,135,0,10,pachai_01_0.5_270_135_00.png,0.8119026961336693,5.0,0.06300159113620495,0.01877965647079332,0,0,pachai,0,2019_Jun_16_1310,model
59,0.282,100,0,22.0,600,600,1,0.5,270,135,1,10,pachai_01_0.5_270_135_01.png,0.8119026961336693,5.0,0.06019461677350925,0.018239681033548213,0,0,pachai,0,2019_Jun_16_1310,model
60,0.282,100,0,22.0,600,600,1,0.5,270,225,0,10,pachai_01_0.5_270_225_00.png,0.8119026961336693,5.0,0.06300159113620495,0.01877965647079332,0,0,pachai,0,2019_Jun_16_1310,model
61,0.282,100,0,22.0,600,600,1,0.5,270,225,1,10,pachai_01_0.5_270_225_01.png,0.8119026961336693,5.0,0.06023902697245565,0.018260963232415273,0,0,pachai,0,2019_Jun_16_1310,model
62,0.282,100,0,22.0,600,600,1,0.5,270,315,0,10,pachai_01_0.5_270_315_00.png,0.8119026961336693,5.0,0.06300159113620495,0.01877965647079332,0,0,pachai,0,2019_Jun_16_1310,model
63,0.282,100,0,22.0,600,600,1,0.5,270,315,1,10,pachai_01_0.5_270_315_01.png,0.8119026961336693,5.0,0.06028340242293914,0.018273923005460754,0,0,pachai,0,2019_Jun_16_1310,model
64,0.282,100,0,22.0,600,600,1,0.9,0,45,0,10,pachai_01_0.9_00_45_00.png,0.8119026961336693,5.0,0.0689428387005837,0.020447281109958134,0,0,pachai,0,2019_Jun_16_1310,model
65,0.282,100,0,22.0,600,600,1,0.9,0,45,1,10,pachai_01_0.9_00_45_01.png,0.8119026961336693,5.0,0.0664051664455953,0.0199645251637442,0,0,pachai,0,2019_Jun_16_1310,model
66,0.282,100,0,22.0,600,600,1,0.9,0,135,0,10,pachai_01_0.9_00_135_00.png,0.8119026961336693,5.0,0.0689428387005837,0.020447281109958134,0,0,pachai,0,2019_Jun_16_1310,model
67,0.282,100,0,22.0,600,600,1,0.9,0,135,1,10,pachai_01_0.9_00_135_01.png,0.8119026961336693,5.0,0.06637515882723498,0.019955839656812184,0,0,pachai,0,2019_Jun_16_1310,model
68,0.282,100,0,22.0,600,600,1,0.9,0,225,0,10,pachai_01_0.9_00_225_00.png,0.8119026961336693,5.0,0.0689428387005837,0.020447281109958134,0,0,pachai,0,2019_Jun_16_1310,model
69,0.282,100,0,22.0,600,600,1,0.9,0,225,1,10,pachai_01_0.9_00_225_01.png,0.8119026961336693,5.0,0.0664051664455953,0.01996406930974043,0,0,pachai,0,2019_Jun_16_1310,model
70,0.282,100,0,22.0,600,600,1,0.9,0,315,0,10,pachai_01_0.9_00_315_00.png,0.8119026961336693,5.0,0.0689428387005837,0.020447281109958134,0,0,pachai,0,2019_Jun_16_1310,model
71,0.282,100,0,22.0,600,600,1,0.9,0,315,1,10,pachai_01_0.9_00_315_01.png,0.8119026961336693,5.0,0.0664351594729182,0.01997285022323066,0,0,pachai,0,2019_Jun_16_1310,model
72,0.282,100,0,22.0,600,600,1,0.9,90,45,0,10,pachai_01_0.9_90_45_00.png,0.8119026961336693,5.0,0.06886596621949673,0.020420579055107503,0,0,pachai,0,2019_Jun_16_1310,model
73,0.282,100,0,22.0,600,600,1,0.9,90,45,1,10,pachai_01_0.9_90_45_01.png,0.8119026961336693,5.0,0.06632511365164585,0.019937230038096405,0,0,pachai,0,2019_Jun_16_1310,model
74,0.282,100,0,22.0,600,600,1,0.9,90,135,0,10,pachai_01_0.9_90_135_00.png,0.8119026961336693,5.0,0.06886596621949673,0.020420579055107503,0,0,pachai,0,2019_Jun_16_1310,model
75,0.282,100,0,22.0,600,600,1,0.9,90,135,1,10,pachai_01_0.9_90_135_01.png,0.8119026961336693,5.0,0.06629506702693634,0.01992895184522348,0,0,pachai,0,2019_Jun_16_1310,model
76,0.282,100,0,22.0,600,600,1,0.9,90,225,0,10,pachai_01_0.9_90_225_00.png,0.8119026961336693,5.0,0.06886596621949673,0.020420579055107503,0,0,pachai,0,2019_Jun_16_1310,model
77,0.282,100,0,22.0,600,600,1,0.9,90,225,1,10,pachai_01_0.9_90_225_01.png,0.8119026961336693,5.0,0.06632511365164584,0.019936720080303182,0,0,pachai,0,2019_Jun_16_1310,model
78,0.282,100,0,22.0,600,600,1,0.9,90,315,0,10,pachai_01_0.9_90_315_00.png,0.8119026961336693,5.0,0.06886596621949673,0.020420579055107503,0,0,pachai,0,2019_Jun_16_1310,model
79,0.282,100,0,22.0,600,600,1,0.9,90,315,1,10,pachai_01_0.9_90_315_01.png,0.8119026961336693,5.0,0.06635514563242094,0.019945045944298124,0,0,pachai,0,2019_Jun_16_1310,model
80,0.282,100,0,22.0,600,600,1,0.9,180,45,0,10,pachai_01_0.9_180_45_00.png,0.8119026961336693,5.0,0.06886596621949674,0.020420579055107507,0,0,pachai,0,2019_Jun_16_1310,model
81,0.282,100,0,22.0,600,600,1,0.9,180,45,1,10,pachai_01_0.9_180_45_01.png,0.8119026961336693,5.0,0.06632511365164587,0.019936720080303186,0,0,pachai,0,2019_Jun_16_1310,model
82,0.282,100,0,22.0,600,600,1,0.9,180,135,0,10,pachai_01_0.9_180_135_00.png,0.8119026961336693,5.0,0.06886596621949674,0.020420579055107507,0,0,pachai,0,2019_Jun_16_1310,model
83,0.282,100,0,22.0,600,600,1,0.9,180,135,1,10,pachai_01_0.9_180_135_01.png,0.8119026961336693,5.0,0.06629506702693634,0.019928951845223482,0,0,pachai,0,2019_Jun_16_1310,model
84,0.282,100,0,22.0,600,600,1,0.9,180,225,0,10,pachai_01_0.9_180_225_00.png,0.8119026961336693,5.0,0.06886596621949674,0.020420579055107507,0,0,pachai,0,2019_Jun_16_1310,model
85,0.282,100,0,22.0,600,600,1,0.9,180,225,1,10,pachai_01_0.9_180_225_01.png,0.8119026961336693,5.0,0.06632511365164585,0.019937230038096408,0,0,pachai,0,2019_Jun_16_1310,model
86,0.282,100,0,22.0,600,600,1,0.9,180,315,0,10,pachai_01_0.9_180_315_00.png,0.8119026961336693,5.0,0.06886596621949674,0.020420579055107507,0,0,pachai,0,2019_Jun_16_1310,model
87,0.282,100,0,22.0,600,600,1,0.9,180,315,1,10,pachai_01_0.9_180_315_01.png,0.8119026961336693,5.0,0.06635514563242094,0.01994504594429813,0,0,pachai,0,2019_Jun_16_1310,model
88,0.282,100,0,22.0,600,600,1,0.9,270,45,0,10,pachai_01_0.9_270_45_00.png,0.8119026961336693,5.0,0.0689428387005837,0.020447281109958134,0,0,pachai,0,2019_Jun_16_1310,model
89,0.282,100,0,22.0,600,600,1,0.9,270,45,1,10,pachai_01_0.9_270_45_01.png,0.8119026961336693,5.0,0.0664051664455953,0.019964069309740432,0,0,pachai,0,2019_Jun_16_1310,model
90,0.282,100,0,22.0,600,600,1,0.9,270,135,0,10,pachai_01_0.9_270_135_00.png,0.8119026961336693,5.0,0.0689428387005837,0.020447281109958134,0,0,pachai,0,2019_Jun_16_1310,model
91,0.282,100,0,22.0,600,600,1,0.9,270,135,1,10,pachai_01_0.9_270_135_01.png,0.8119026961336693,5.0,0.06637515882723498,0.019955839656812184,0,0,pachai,0,2019_Jun_16_1310,model
92,0.282,100,0,22.0,600,600,1,0.9,270,225,0,10,pachai_01_0.9_270_225_00.png,0.8119026961336693,5.0,0.0689428387005837,0.020447281109958134,0,0,pachai,0,2019_Jun_16_1310,model
93,0.282,100,0,22.0,600,600,1,0.9,270,225,1,10,pachai_01_0.9_270_225_01.png,0.8119026961336693,5.0,0.0664051664455953,0.019964525163744196,0,0,pachai,0,2019_Jun_16_1310,model
94,0.282,100,0,22.0,600,600,1,0.9,270,315,0,10,pachai_01_0.9_270_315_00.png,0.8119026961336693,5.0,0.0689428387005837,0.020447281109958134,0,0,pachai,0,2019_Jun_16_1310,model
95,0.282,100,0,22.0,600,600,1,0.9,270,315,1,10,pachai_01_0.9_270_315_01.png,0.8119026961336693,5.0,0.0664351594729182,0.01997285022323066,0,0,pachai,0,2019_Jun_16_1310,model
96,0.282,100,0,22.0,600,600,1,1.62,0,45,0,10,pachai_01_1.62_00_45_00.png,0.8119026961336693,5.0,0.07880911552828054,0.023271064244249188,0,0,pachai,0,2019_Jun_16_1310,model
97,0.282,100,0,22.0,600,600,1,1.62,0,45,1,10,pachai_01_1.62_00_45_01.png,0.8119026961336693,5.0,0.07649494769880498,0.022822984688827857,0,0,pachai,0,2019_Jun_16_1310,model
98,0.282,100,0,22.0,600,600,1,1.62,0,135,0,10,pachai_01_1.62_00_135_00.png,0.8119026961336693,5.0,0.07880911552828054,0.023271064244249188,0,0,pachai,0,2019_Jun_16_1310,model
99,0.282,100,0,22.0,600,600,1,1.62,0,135,1,10,pachai_01_1.62_00_135_01.png,0.8119026961336693,5.0,0.07648208889274503,0.022818344775168805,0,0,pachai,0,2019_Jun_16_1310,model
100,0.282,100,0,22.0,600,600,1,1.62,0,225,0,10,pachai_01_1.62_00_225_00.png,0.8119026961336693,5.0,0.07880911552828054,0.023271064244249188,0,0,pachai,0,2019_Jun_16_1310,model
101,0.282,100,0,22.0,600,600,1,1.62,0,225,1,10,pachai_01_1.62_00_225_01.png,0.8119026961336693,5.0,0.076494947698805,0.02282298468882785,0,0,pachai,0,2019_Jun_16_1310,model
102,0.282,100,0,22.0,600,600,1,1.62,0,315,0,10,pachai_01_1.62_00_315_00.png,0.8119026961336693,5.0,0.07880911552828054,0.023271064244249188,0,0,pachai,0,2019_Jun_16_1310,model
103,0.282,100,0,22.0,600,600,1,1.62,0,315,1,10,pachai_01_1.62_00_315_01.png,0.8119026961336693,5.0,0.0765163737398408,0.022828342606017793,0,0,pachai,0,2019_Jun_16_1310,model
104,0.282,100,0,22.0,600,600,1,1.62,90,45,0,10,pachai_01_1.62_90_45_00.png,0.8119026961336693,5.0,0.0787427374744073,0.023247721649381815,0,0,pachai,0,2019_Jun_16_1310,model
105,0.282,100,0,22.0,600,600,1,1.62,90,45,1,10,pachai_01_1.62_90_45_01.png,0.8119026961336693,5.0,0.07642633979487456,0.022799183339181996,0,0,pachai,0,2019_Jun_16_1310,model
106,0.282,100,0,22.0,600,600,1,1.62,90,135,0,10,pachai_01_1.62_90_135_00.png,0.8119026961336693,5.0,0.0787427374744073,0.023247721649381815,0,0,pachai,0,2019_Jun_16_1310,model
107,0.282,100,0,22.0,600,600,1,1.62,90,135,1,10,pachai_01_1.62_90_135_01.png,0.8119026961336693,5.0,0.07641346824127841,0.022794538580669644,0,0,pachai,0,2019_Jun_16_1310,model
108,0.282,100,0,22.0,600,600,1,1.62,90,225,0,10,pachai_01_1.62_90_225_00.png,0.8119026961336693,5.0,0.0787427374744073,0.023247721649381815,0,0,pachai,0,2019_Jun_16_1310,model
109,0.282,100,0,22.0,600,600,1,1.62,90,225,1,10,pachai_01_1.62_90_225_01.png,0.8119026961336693,5.0,0.07642633979487456,0.02279918333918199,0,0,pachai,0,2019_Jun_16_1310,model
110,0.282,100,0,22.0,600,600,1,1.62,90,315,0,10,pachai_01_1.62_90_315_00.png,0.8119026961336693,5.0,0.0787427374744073,0.023247721649381815,0,0,pachai,0,2019_Jun_16_1310,model
111,0.282,100,0,22.0,600,600,1,1.62,90,315,1,10,pachai_01_1.62_90_315_01.png,0.8119026961336693,5.0,0.07644778706751235,0.022804546848488143,0,0,pachai,0,2019_Jun_16_1310,model
112,0.282,100,0,22.0,600,600,1,1.62,180,45,0,10,pachai_01_1.62_180_45_00.png,0.8119026961336693,5.0,0.0787427374744073,0.023247721649381815,0,0,pachai,0,2019_Jun_16_1310,model
113,0.282,100,0,22.0,600,600,1,1.62,180,45,1,10,pachai_01_1.62_180_45_01.png,0.8119026961336693,5.0,0.07642633979487455,0.022799183339181985,0,0,pachai,0,2019_Jun_16_1310,model
114,0.282,100,0,22.0,600,600,1,1.62,180,135,0,10,pachai_01_1.62_180_135_00.png,0.8119026961336693,5.0,0.0787427374744073,0.023247721649381815,0,0,pachai,0,2019_Jun_16_1310,model
115,0.282,100,0,22.0,600,600,1,1.62,180,135,1,10,pachai_01_1.62_180_135_01.png,0.8119026961336693,5.0,0.07641346824127841,0.02279453858066964,0,0,pachai,0,2019_Jun_16_1310,model
116,0.282,100,0,22.0,600,600,1,1.62,180,225,0,10,pachai_01_1.62_180_225_00.png,0.8119026961336693,5.0,0.0787427374744073,0.023247721649381815,0,0,pachai,0,2019_Jun_16_1310,model
117,0.282,100,0,22.0,600,600,1,1.62,180,225,1,10,pachai_01_1.62_180_225_01.png,0.8119026961336693,5.0,0.07642633979487456,0.022799183339182,0,0,pachai,0,2019_Jun_16_1310,model
118,0.282,100,0,22.0,600,600,1,1.62,180,315,0,10,pachai_01_1.62_180_315_00.png,0.8119026961336693,5.0,0.0787427374744073,0.023247721649381815,0,0,pachai,0,2019_Jun_16_1310,model
119,0.282,100,0,22.0,600,600,1,1.62,180,315,1,10,pachai_01_1.62_180_315_01.png,0.8119026961336693,5.0,0.07644778706751235,0.02280454684848814,0,0,pachai,0,2019_Jun_16_1310,model
120,0.282,100,0,22.0,600,600,1,1.62,270,45,0,10,pachai_01_1.62_270_45_00.png,0.8119026961336693,5.0,0.07880911552828054,0.02327106424424918,0,0,pachai,0,2019_Jun_16_1310,model
121,0.282,100,0,22.0,600,600,1,1.62,270,45,1,10,pachai_01_1.62_270_45_01.png,0.8119026961336693,5.0,0.076494947698805,0.022822984688827846,0,0,pachai,0,2019_Jun_16_1310,model
122,0.282,100,0,22.0,600,600,1,1.62,270,135,0,10,pachai_01_1.62_270_135_00.png,0.8119026961336693,5.0,0.07880911552828054,0.02327106424424918,0,0,pachai,0,2019_Jun_16_1310,model
123,0.282,100,0,22.0,600,600,1,1.62,270,135,1,10,pachai_01_1.62_270_135_01.png,0.8119026961336693,5.0,0.07648208889274503,0.022818344775168798,0,0,pachai,0,2019_Jun_16_1310,model
124,0.282,100,0,22.0,600,600,1,1.62,270,225,0,10,pachai_01_1.62_270_225_00.png,0.8119026961336693,5.0,0.07880911552828054,0.02327106424424918,0,0,pachai,0,2019_Jun_16_1310,model
125,0.282,100,0,22.0,600,600,1,1.62,270,225,1,10,pachai_01_1.62_270_225_01.png,0.8119026961336693,5.0,0.076494947698805,0.022822984688827857,0,0,pachai,0,2019_Jun_16_1310,model
126,0.282,100,0,22.0,600,600,1,1.62,270,315,0,10,pachai_01_1.62_270_315_00.png,0.8119026961336693,5.0,0.07880911552828054,0.02327106424424918,0,0,pachai,0,2019_Jun_16_1310,model
127,0.282,100,0,22.0,600,600,1,1.62,270,315,1,10,pachai_01_1.62_270_315_01.png,0.8119026961336693,5.0,0.07651637373984081,0.0228283426060178,0,0,pachai,0,2019_Jun_16_1310,model
128,0.282,100,0,22.0,600,600,1,2.58,0,45,0,10,pachai_01_2.58_00_45_00.png,0.8119026961336693,5.0,0.08974528474921349,0.02661330081080057,0,0,pachai,0,2019_Jun_16_1310,model
129,0.282,100,0,22.0,600,600,1,2.58,0,45,1,10,pachai_01_2.58_00_45_01.png,0.8119026961336693,5.0,0.0877174143936195,0.026208302523226163,0,0,pachai,0,2019_Jun_16_1310,model
130,0.282,100,0,22.0,600,600,1,2.58,0,135,0,10,pachai_01_2.58_00_135_00.png,0.8119026961336693,5.0,0.08974528474921349,0.02661330081080057,0,0,pachai,0,2019_Jun_16_1310,model
131,0.282,100,0,22.0,600,600,1,2.58,0,135,1,10,pachai_01_2.58_00_135_01.png,0.8119026961336693,5.0,0.08769903366420057,0.026203322617791052,0,0,pachai,0,2019_Jun_16_1310,model
132,0.282,100,0,22.0,600,600,1,2.58,0,225,0,10,pachai_01_2.58_00_225_00.png,0.8119026961336693,5.0,0.08974528474921349,0.02661330081080057,0,0,pachai,0,2019_Jun_16_1310,model
133,0.282,100,0,22.0,600,600,1,2.58,0,225,1,10,pachai_01_2.58_00_225_01.png,0.8119026961336693,5.0,0.08771741439361952,0.02620830252322616,0,0,pachai,0,2019_Jun_16_1310,model
134,0.282,100,0,22.0,600,600,1,2.58,0,315,0,10,pachai_01_2.58_00_315_00.png,0.8119026961336693,5.0,0.08974528474921349,0.02661330081080057,0,0,pachai,0,2019_Jun_16_1310,model
135,0.282,100,0,22.0,600,600,1,2.58,0,315,1,10,pachai_01_2.58_00_315_01.png,0.8119026961336693,5.0,0.0877284407209458,0.026212562343593537,0,0,pachai,0,2019_Jun_16_1310,model
136,0.282,100,0,22.0,600,600,1,2.58,90,45,0,10,pachai_01_2.58_90_45_00.png,0.8119026961336693,5.0,0.08968797205132929,0.026592892111865565,0,0,pachai,0,2019_Jun_16_1310,model
137,0.282,100,0,22.0,600,600,1,2.58,90,45,1,10,pachai_01_2.58_90_45_01.png,0.8119026961336693,5.0,0.08765858057142914,0.026187578199904367,0,0,pachai,0,2019_Jun_16_1310,model
138,0.282,100,0,22.0,600,600,1,2.58,90,135,0,10,pachai_01_2.58_90_135_00.png,0.8119026961336693,5.0,0.08968797205132929,0.026592892111865565,0,0,pachai,0,2019_Jun_16_1310,model
139,0.282,100,0,22.0,600,600,1,2.58,90,135,1,10,pachai_01_2.58_90_135_01.png,0.8119026961336693,5.0,0.08764018575576135,0.026182594352722258,0,0,pachai,0,2019_Jun_16_1310,model
140,0.282,100,0,22.0,600,600,1,2.58,90,225,0,10,pachai_01_2.58_90_225_00.png,0.8119026961336693,5.0,0.08968797205132929,0.026592892111865565,0,0,pachai,0,2019_Jun_16_1310,model
141,0.282,100,0,22.0,600,600,1,2.58,90,225,1,10,pachai_01_2.58_90_225_01.png,0.8119026961336693,5.0,0.08765858057142913,0.026187578199904363,0,0,pachai,0,2019_Jun_16_1310,model
142,0.282,100,0,22.0,600,600,1,2.58,90,315,0,10,pachai_01_2.58_90_315_00.png,0.8119026961336693,5.0,0.08968797205132929,0.026592892111865565,0,0,pachai,0,2019_Jun_16_1310,model
143,0.282,100,0,22.0,600,600,1,2.58,90,315,1,10,pachai_01_2.58_90_315_01.png,0.8119026961336693,5.0,0.08766961534625248,0.0261918413908595,0,0,pachai,0,2019_Jun_16_1310,model
144,0.282,100,0,22.0,600,600,1,2.58,180,45,0,10,pachai_01_2.58_180_45_00.png,0.8119026961336693,5.0,0.08968797205132929,0.026592892111865562,0,0,pachai,0,2019_Jun_16_1310,model
145,0.282,100,0,22.0,600,600,1,2.58,180,45,1,10,pachai_01_2.58_180_45_01.png,0.8119026961336693,5.0,0.08765858057142914,0.026187578199904363,0,0,pachai,0,2019_Jun_16_1310,model
146,0.282,100,0,22.0,600,600,1,2.58,180,135,0,10,pachai_01_2.58_180_135_00.png,0.8119026961336693,5.0,0.08968797205132929,0.026592892111865562,0,0,pachai,0,2019_Jun_16_1310,model
147,0.282,100,0,22.0,600,600,1,2.58,180,135,1,10,pachai_01_2.58_180_135_01.png,0.8119026961336693,5.0,0.08764018575576135,0.02618259435272225,0,0,pachai,0,2019_Jun_16_1310,model
148,0.282,100,0,22.0,600,600,1,2.58,180,225,0,10,pachai_01_2.58_180_225_00.png,0.8119026961336693,5.0,0.08968797205132929,0.026592892111865562,0,0,pachai,0,2019_Jun_16_1310,model
149,0.282,100,0,22.0,600,600,1,2.58,180,225,1,10,pachai_01_2.58_180_225_01.png,0.8119026961336693,5.0,0.08765858057142913,0.02618757819990436,0,0,pachai,0,2019_Jun_16_1310,model
150,0.282,100,0,22.0,600,600,1,2.58,180,315,0,10,pachai_01_2.58_180_315_00.png,0.8119026961336693,5.0,0.08968797205132929,0.026592892111865562,0,0,pachai,0,2019_Jun_16_1310,model
151,0.282,100,0,22.0,600,600,1,2.58,180,315,1,10,pachai_01_2.58_180_315_01.png,0.8119026961336693,5.0,0.08766961534625248,0.02619184139085951,0,0,pachai,0,2019_Jun_16_1310,model
152,0.282,100,0,22.0,600,600,1,2.58,270,45,0,10,pachai_01_2.58_270_45_00.png,0.8119026961336693,5.0,0.08974528474921349,0.02661330081080057,0,0,pachai,0,2019_Jun_16_1310,model
153,0.282,100,0,22.0,600,600,1,2.58,270,45,1,10,pachai_01_2.58_270_45_01.png,0.8119026961336693,5.0,0.08771741439361952,0.026208302523226163,0,0,pachai,0,2019_Jun_16_1310,model
154,0.282,100,0,22.0,600,600,1,2.58,270,135,0,10,pachai_01_2.58_270_135_00.png,0.8119026961336693,5.0,0.08974528474921349,0.02661330081080057,0,0,pachai,0,2019_Jun_16_1310,model
155,0.282,100,0,22.0,600,600,1,2.58,270,135,1,10,pachai_01_2.58_270_135_01.png,0.8119026961336693,5.0,0.08769903366420057,0.026203322617791045,0,0,pachai,0,2019_Jun_16_1310,model
156,0.282,100,0,22.0,600,600,1,2.58,270,225,0,10,pachai_01_2.58_270_225_00.png,0.8119026961336693,5.0,0.08974528474921349,0.02661330081080057,0,0,pachai,0,2019_Jun_16_1310,model
157,0.282,100,0,22.0,600,600,1,2.58,270,225,1,10,pachai_01_2.58_270_225_01.png,0.8119026961336693,5.0,0.08771741439361952,0.026208302523226167,0,0,pachai,0,2019_Jun_16_1310,model
158,0.282,100,0,22.0,600,600,1,2.58,270,315,0,10,pachai_01_2.58_270_315_00.png,0.8119026961336693,5.0,0.08974528474921349,0.02661330081080057,0,0,pachai,0,2019_Jun_16_1310,model
159,0.282,100,0,22.0,600,600,1,2.58,270,315,1,10,pachai_01_2.58_270_315_01.png,0.8119026961336693,5.0,0.0877284407209458,0.02621256234359354,0,0,pachai,0,2019_Jun_16_1310,model
160,0.282,100,0,22.0,600,600,1,3.9,0,45,0,10,pachai_01_3.9_00_45_00.png,0.8119026961336693,5.0,0.10297795830629163,0.030606209556203443,0,0,pachai,0,2019_Jun_16_1310,model
161,0.282,100,0,22.0,600,600,1,3.9,0,45,1,10,pachai_01_3.9_00_45_01.png,0.8119026961336693,5.0,0.10123934456506127,0.030237374727504374,0,0,pachai,0,2019_Jun_16_1310,model
162,0.282,100,0,22.0,600,600,1,3.9,0,135,0,10,pachai_01_3.9_00_135_00.png,0.8119026961336693,5.0,0.10297795830629163,0.030606209556203443,0,0,pachai,0,2019_Jun_16_1310,model
163,0.282,100,0,22.0,600,600,1,3.9,0,135,1,10,pachai_01_3.9_00_135_01.png,0.8119026961336693,5.0,0.10122690782651633,0.030234010444710222,0,0,pachai,0,2019_Jun_16_1310,model
164,0.282,100,0,22.0,600,600,1,3.9,0,225,0,10,pachai_01_3.9_00_225_00.png,0.8119026961336693,5.0,0.10297795830629163,0.030606209556203443,0,0,pachai,0,2019_Jun_16_1310,model
165,0.282,100,0,22.0,600,600,1,3.9,0,225,1,10,pachai_01_3.9_00_225_01.png,0.8119026961336693,5.0,0.10123934456506126,0.030237374727504377,0,0,pachai,0,2019_Jun_16_1310,model
166,0.282,100,0,22.0,600,600,1,3.9,0,315,0,10,pachai_01_3.9_00_315_00.png,0.8119026961336693,5.0,0.10297795830629163,0.030606209556203443,0,0,pachai,0,2019_Jun_16_1310,model
167,0.282,100,0,22.0,600,600,1,3.9,0,315,1,10,pachai_01_3.9_00_315_01.png,0.8119026961336693,5.0,0.10124556224802564,0.03024124161403586,0,0,pachai,0,2019_Jun_16_1310,model
168,0.282,100,0,22.0,600,600,1,3.9,90,45,0,10,pachai_01_3.9_90_45_00.png,0.8119026961336693,5.0,0.10292920894293568,0.030588465051803463,0,0,pachai,0,2019_Jun_16_1310,model
169,0.282,100,0,22.0,600,600,1,3.9,90,45,1,10,pachai_01_3.9_90_45_01.png,0.8119026961336693,5.0,0.10118958662387807,0.030219413648161404,0,0,pachai,0,2019_Jun_16_1310,model
170,0.282,100,0,22.0,600,600,1,3.9,90,135,0,10,pachai_01_3.9_90_135_00.png,0.8119026961336693,5.0,0.10292920894293568,0.030588465051803463,0,0,pachai,0,2019_Jun_16_1310,model
171,0.282,100,0,22.0,600,600,1,3.9,90,135,1,10,pachai_01_3.9_90_135_01.png,0.8119026961336693,5.0,0.10117714255841265,0.030216047365564047,0,0,pachai,0,2019_Jun_16_1310,model
172,0.282,100,0,22.0,600,600,1,3.9,90,225,0,10,pachai_01_3.9_90_225_00.png,0.8119026961336693,5.0,0.10292920894293568,0.030588465051803463,0,0,pachai,0,2019_Jun_16_1310,model
173,0.282,100,0,22.0,600,600,1,3.9,90,225,1,10,pachai_01_3.9_90_225_01.png,0.8119026961336693,5.0,0.10118958662387807,0.0302194136481614,0,0,pachai,0,2019_Jun_16_1310,model
174,0.282,100,0,22.0,600,600,1,3.9,90,315,0,10,pachai_01_3.9_90_315_00.png,0.8119026961336693,5.0,0.10292920894293568,0.030588465051803463,0,0,pachai,0,2019_Jun_16_1310,model
175,0.282,100,0,22.0,600,600,1,3.9,90,315,1,10,pachai_01_3.9_90_315_01.png,0.8119026961336693,5.0,0.10119580796928974,0.030223282832704618,0,0,pachai,0,2019_Jun_16_1310,model
176,0.282,100,0,22.0,600,600,1,3.9,180,45,0,10,pachai_01_3.9_180_45_00.png,0.8119026961336693,5.0,0.10292920894293568,0.030588465051803463,0,0,pachai,0,2019_Jun_16_1310,model
177,0.282,100,0,22.0,600,600,1,3.9,180,45,1,10,pachai_01_3.9_180_45_01.png,0.8119026961336693,5.0,0.10118958662387807,0.0302194136481614,0,0,pachai,0,2019_Jun_16_1310,model
178,0.282,100,0,22.0,600,600,1,3.9,180,135,0,10,pachai_01_3.9_180_135_00.png,0.8119026961336693,5.0,0.10292920894293568,0.030588465051803463,0,0,pachai,0,2019_Jun_16_1310,model
179,0.282,100,0,22.0,600,600,1,3.9,180,135,1,10,pachai_01_3.9_180_135_01.png,0.8119026961336693,5.0,0.10117714255841265,0.03021604736556405,0,0,pachai,0,2019_Jun_16_1310,model
180,0.282,100,0,22.0,600,600,1,3.9,180,225,0,10,pachai_01_3.9_180_225_00.png,0.8119026961336693,5.0,0.10292920894293568,0.030588465051803463,0,0,pachai,0,2019_Jun_16_1310,model
181,0.282,100,0,22.0,600,600,1,3.9,180,225,1,10,pachai_01_3.9_180_225_01.png,0.8119026961336693,5.0,0.10118958662387807,0.0302194136481614,0,0,pachai,0,2019_Jun_16_1310,model
182,0.282,100,0,22.0,600,600,1,3.9,180,315,0,10,pachai_01_3.9_180_315_00.png,0.8119026961336693,5.0,0.10292920894293568,0.030588465051803463,0,0,pachai,0,2019_Jun_16_1310,model
183,0.282,100,0,22.0,600,600,1,3.9,180,315,1,10,pachai_01_3.9_180_315_01.png,0.8119026961336693,5.0,0.10119580796928974,0.030223282832704614,0,0,pachai,0,2019_Jun_16_1310,model
184,0.282,100,0,22.0,600,600,1,3.9,270,45,0,10,pachai_01_3.9_270_45_00.png,0.8119026961336693,5.0,0.10297795830629163,0.03060620955620344,0,0,pachai,0,2019_Jun_16_1310,model
185,0.282,100,0,22.0,600,600,1,3.9,270,45,1,10,pachai_01_3.9_270_45_01.png,0.8119026961336693,5.0,0.10123934456506127,0.030237374727504374,0,0,pachai,0,2019_Jun_16_1310,model
186,0.282,100,0,22.0,600,600,1,3.9,270,135,0,10,pachai_01_3.9_270_135_00.png,0.8119026961336693,5.0,0.10297795830629163,0.03060620955620344,0,0,pachai,0,2019_Jun_16_1310,model
187,0.282,100,0,22.0,600,600,1,3.9,270,135,1,10,pachai_01_3.9_270_135_01.png,0.8119026961336693,5.0,0.10122690782651632,0.03023401044471022,0,0,pachai,0,2019_Jun_16_1310,model
188,0.282,100,0,22.0,600,600,1,3.9,270,225,0,10,pachai_01_3.9_270_225_00.png,0.8119026961336693,5.0,0.10297795830629163,0.03060620955620344,0,0,pachai,0,2019_Jun_16_1310,model
189,0.282,100,0,22.0,600,600,1,3.9,270,225,1,10,pachai_01_3.9_270_225_01.png,0.8119026961336693,5.0,0.10123934456506126,0.030237374727504377,0,0,pachai,0,2019_Jun_16_1310,model
190,0.282,100,0,22.0,600,600,1,3.9,270,315,0,10,pachai_01_3.9_270_315_00.png,0.8119026961336693,5.0,0.10297795830629163,0.03060620955620344,0,0,pachai,0,2019_Jun_16_1310,model
191,0.282,100,0,22.0,600,600,1,3.9,270,315,1,10,pachai_01_3.9_270_315_01.png,0.8119026961336693,5.0,0.10124556224802564,0.030241241614035866,0,0,pachai,0,2019_Jun_16_1310,model
192,0.282,100,0,22.0,600,600,5,-1.0,0,45,0,10,pachai_05_-1_00_45_00.png,0.8119026961336693,5.0,0.0365366367982275,0.0110957493208992,0,0,pachai,0,2019_Jun_16_1310,model
193,0.282,100,0,22.0,600,600,5,-1.0,0,45,1,10,pachai_05_-1_00_45_01.png,0.8119026961336693,5.0,0.0365366367982275,0.0110957493208992,0,0,pachai,0,2019_Jun_16_1310,model
194,0.282,100,0,22.0,600,600,5,-1.0,0,135,0,10,pachai_05_-1_00_135_00.png,0.8119026961336693,5.0,0.0365366367982275,0.0110957493208992,0,0,pachai,0,2019_Jun_16_1310,model
195,0.282,100,0,22.0,600,600,5,-1.0,0,135,1,10,pachai_05_-1_00_135_01.png,0.8119026961336693,5.0,0.0365366367982275,0.0110957493208992,0,0,pachai,0,2019_Jun_16_1310,model
196,0.282,100,0,22.0,600,600,5,-1.0,0,225,0,10,pachai_05_-1_00_225_00.png,0.8119026961336693,5.0,0.0365366367982275,0.0110957493208992,0,0,pachai,0,2019_Jun_16_1310,model
197,0.282,100,0,22.0,600,600,5,-1.0,0,225,1,10,pachai_05_-1_00_225_01.png,0.8119026961336693,5.0,0.0365366367982275,0.0110957493208992,0,0,pachai,0,2019_Jun_16_1310,model
198,0.282,100,0,22.0,600,600,5,-1.0,0,315,0,10,pachai_05_-1_00_315_00.png,0.8119026961336693,5.0,0.0365366367982275,0.0110957493208992,0,0,pachai,0,2019_Jun_16_1310,model
199,0.282,100,0,22.0,600,600,5,-1.0,0,315,1,10,pachai_05_-1_00_315_01.png,0.8119026961336693,5.0,0.0365366367982275,0.0110957493208992,0,0,pachai,0,2019_Jun_16_1310,model
200,0.282,100,0,22.0,600,600,5,-1.0,90,45,0,10,pachai_05_-1_90_45_00.png,0.8119026961336693,5.0,0.03638709260435219,0.01104670918506495,0,0,pachai,0,2019_Jun_16_1310,model
201,0.282,100,0,22.0,600,600,5,-1.0,90,45,1,10,pachai_05_-1_90_45_01.png,0.8119026961336693,5.0,0.03638709260435219,0.01104670918506495,0,0,pachai,0,2019_Jun_16_1310,model
202,0.282,100,0,22.0,600,600,5,-1.0,90,135,0,10,pachai_05_-1_90_135_00.png,0.8119026961336693,5.0,0.03638709260435219,0.01104670918506495,0,0,pachai,0,2019_Jun_16_1310,model
203,0.282,100,0,22.0,600,600,5,-1.0,90,135,1,10,pachai_05_-1_90_135_01.png,0.8119026961336693,5.0,0.03638709260435219,0.01104670918506495,0,0,pachai,0,2019_Jun_16_1310,model
204,0.282,100,0,22.0,600,600,5,-1.0,90,225,0,10,pachai_05_-1_90_225_00.png,0.8119026961336693,5.0,0.03638709260435219,0.01104670918506495,0,0,pachai,0,2019_Jun_16_1310,model
205,0.282,100,0,22.0,600,600,5,-1.0,90,225,1,10,pachai_05_-1_90_225_01.png,0.8119026961336693,5.0,0.03638709260435219,0.01104670918506495,0,0,pachai,0,2019_Jun_16_1310,model
206,0.282,100,0,22.0,600,600,5,-1.0,90,315,0,10,pachai_05_-1_90_315_00.png,0.8119026961336693,5.0,0.03638709260435219,0.01104670918506495,0,0,pachai,0,2019_Jun_16_1310,model
207,0.282,100,0,22.0,600,600,5,-1.0,90,315,1,10,pachai_05_-1_90_315_01.png,0.8119026961336693,5.0,0.03638709260435219,0.01104670918506495,0,0,pachai,0,2019_Jun_16_1310,model
208,0.282,100,0,22.0,600,600,5,-1.0,180,45,0,10,pachai_05_-1_180_45_00.png,0.8119026961336693,5.0,0.036387092604352196,0.011046709185064953,0,0,pachai,0,2019_Jun_16_1310,model
209,0.282,100,0,22.0,600,600,5,-1.0,180,45,1,10,pachai_05_-1_180_45_01.png,0.8119026961336693,5.0,0.036387092604352196,0.011046709185064953,0,0,pachai,0,2019_Jun_16_1310,model
210,0.282,100,0,22.0,600,600,5,-1.0,180,135,0,10,pachai_05_-1_180_135_00.png,0.8119026961336693,5.0,0.036387092604352196,0.011046709185064953,0,0,pachai,0,2019_Jun_16_1310,model
211,0.282,100,0,22.0,600,600,5,-1.0,180,135,1,10,pachai_05_-1_180_135_01.png,0.8119026961336693,5.0,0.036387092604352196,0.011046709185064953,0,0,pachai,0,2019_Jun_16_1310,model
212,0.282,100,0,22.0,600,600,5,-1.0,180,225,0,10,pachai_05_-1_180_225_00.png,0.8119026961336693,5.0,0.036387092604352196,0.011046709185064953,0,0,pachai,0,2019_Jun_16_1310,model
213,0.282,100,0,22.0,600,600,5,-1.0,180,225,1,10,pachai_05_-1_180_225_01.png,0.8119026961336693,5.0,0.036387092604352196,0.011046709185064953,0,0,pachai,0,2019_Jun_16_1310,model
214,0.282,100,0,22.0,600,600,5,-1.0,180,315,0,10,pachai_05_-1_180_315_00.png,0.8119026961336693,5.0,0.036387092604352196,0.011046709185064953,0,0,pachai,0,2019_Jun_16_1310,model
215,0.282,100,0,22.0,600,600,5,-1.0,180,315,1,10,pachai_05_-1_180_315_01.png,0.8119026961336693,5.0,0.036387092604352196,0.011046709185064953,0,0,pachai,0,2019_Jun_16_1310,model
216,0.282,100,0,22.0,600,600,5,-1.0,270,45,0,10,pachai_05_-1_270_45_00.png,0.8119026961336693,5.0,0.0365366367982275,0.011095749320899202,0,0,pachai,0,2019_Jun_16_1310,model
217,0.282,100,0,22.0,600,600,5,-1.0,270,45,1,10,pachai_05_-1_270_45_01.png,0.8119026961336693,5.0,0.0365366367982275,0.011095749320899202,0,0,pachai,0,2019_Jun_16_1310,model
218,0.282,100,0,22.0,600,600,5,-1.0,270,135,0,10,pachai_05_-1_270_135_00.png,0.8119026961336693,5.0,0.0365366367982275,0.011095749320899202,0,0,pachai,0,2019_Jun_16_1310,model
219,0.282,100,0,22.0,600,600,5,-1.0,270,135,1,10,pachai_05_-1_270_135_01.png,0.8119026961336693,5.0,0.0365366367982275,0.011095749320899202,0,0,pachai,0,2019_Jun_16_1310,model
220,0.282,100,0,22.0,600,600,5,-1.0,270,225,0,10,pachai_05_-1_270_225_00.png,0.8119026961336693,5.0,0.0365366367982275,0.011095749320899202,0,0,pachai,0,2019_Jun_16_1310,model
221,0.282,100,0,22.0,600,600,5,-1.0,270,225,1,10,pachai_05_-1_270_225_01.png,0.8119026961336693,5.0,0.0365366367982275,0.011095749320899202,0,0,pachai,0,2019_Jun_16_1310,model
222,0.282,100,0,22.0,600,600,5,-1.0,270,315,0,10,pachai_05_-1_270_315_00.png,0.8119026961336693,5.0,0.0365366367982275,0.011095749320899202,0,0,pachai,0,2019_Jun_16_1310,model
223,0.282,100,0,22.0,600,600,5,-1.0,270,315,1,10,pachai_05_-1_270_315_01.png,0.8119026961336693,5.0,0.0365366367982275,0.011095749320899202,0,0,pachai,0,2019_Jun_16_1310,model
224,0.282,100,0,22.0,600,600,5,0.5,0,45,0,10,pachai_05_0.5_00_45_00.png,0.8119026961336693,5.0,0.1702153797488128,0.05306699989962606,0,0,pachai,0,2019_Jun_16_1310,model
225,0.282,100,0,22.0,600,600,5,0.5,0,45,1,10,pachai_05_0.5_00_45_01.png,0.8119026961336693,5.0,0.16604566922965666,0.05206806401962154,0,0,pachai,0,2019_Jun_16_1310,model
226,0.282,100,0,22.0,600,600,5,0.5,0,135,0,10,pachai_05_0.5_00_135_00.png,0.8119026961336693,5.0,0.1702153797488128,0.05306699989962606,0,0,pachai,0,2019_Jun_16_1310,model
227,0.282,100,0,22.0,600,600,5,0.5,0,135,1,10,pachai_05_0.5_00_135_01.png,0.8119026961336693,5.0,0.1660101000273213,0.052050837449726745,0,0,pachai,0,2019_Jun_16_1310,model
228,0.282,100,0,22.0,600,600,5,0.5,0,225,0,10,pachai_05_0.5_00_225_00.png,0.8119026961336693,5.0,0.1702153797488128,0.05306699989962606,0,0,pachai,0,2019_Jun_16_1310,model
229,0.282,100,0,22.0,600,600,5,0.5,0,225,1,10,pachai_05_0.5_00_225_01.png,0.8119026961336693,5.0,0.16604566922965666,0.05206452312780828,0,0,pachai,0,2019_Jun_16_1310,model
230,0.282,100,0,22.0,600,600,5,0.5,0,315,0,10,pachai_05_0.5_00_315_00.png,0.8119026961336693,5.0,0.1702153797488128,0.05306699989962606,0,0,pachai,0,2019_Jun_16_1310,model
231,0.282,100,0,22.0,600,600,5,0.5,0,315,1,10,pachai_05_0.5_00_315_01.png,0.8119026961336693,5.0,0.16608122471805317,0.05208132232011595,0,0,pachai,0,2019_Jun_16_1310,model
232,0.282,100,0,22.0,600,600,5,0.5,90,45,0,10,pachai_05_0.5_90_45_00.png,0.8119026961336693,5.0,0.17019174002783574,0.05305702905556272,0,0,pachai,0,2019_Jun_16_1310,model
233,0.282,100,0,22.0,600,600,5,0.5,90,45,1,10,pachai_05_0.5_90_45_01.png,0.8119026961336693,5.0,0.16602092688901424,0.05205771431706635,0,0,pachai,0,2019_Jun_16_1310,model
234,0.282,100,0,22.0,600,600,5,0.5,90,135,0,10,pachai_05_0.5_90_135_00.png,0.8119026961336693,5.0,0.17019174002783574,0.05305702905556272,0,0,pachai,0,2019_Jun_16_1310,model
235,0.282,100,0,22.0,600,600,5,0.5,90,135,1,10,pachai_05_0.5_90_135_01.png,0.8119026961336693,5.0,0.16598534814134783,0.05204409542667497,0,0,pachai,0,2019_Jun_16_1310,model
236,0.282,100,0,22.0,600,600,5,0.5,90,225,0,10,pachai_05_0.5_90_225_00.png,0.8119026961336693,5.0,0.17019174002783574,0.05305702905556272,0,0,pachai,0,2019_Jun_16_1310,model
237,0.282,100,0,22.0,600,600,5,0.5,90,225,1,10,pachai_05_0.5_90_225_01.png,0.8119026961336693,5.0,0.16602092688901413,0.05205436026292125,0,0,pachai,0,2019_Jun_16_1310,model
238,0.282,100,0,22.0,600,600,5,0.5,90,315,0,10,pachai_05_0.5_90_315_00.png,0.8119026961336693,5.0,0.17019174002783574,0.05305702905556272,0,0,pachai,0,2019_Jun_16_1310,model
239,0.282,100,0,22.0,600,600,5,0.5,90,315,1,10,pachai_05_0.5_90_315_01.png,0.8119026961336693,5.0,0.1660564919166092,0.052066637915331525,0,0,pachai,0,2019_Jun_16_1310,model
240,0.282,100,0,22.0,600,600,5,0.5,180,45,0,10,pachai_05_0.5_180_45_00.png,0.8119026961336693,5.0,0.17019174002783577,0.05305702905556272,0,0,pachai,0,2019_Jun_16_1310,model
241,0.282,100,0,22.0,600,600,5,0.5,180,45,1,10,pachai_05_0.5_180_45_01.png,0.8119026961336693,5.0,0.16602092688901424,0.05205436026292125,0,0,pachai,0,2019_Jun_16_1310,model
242,0.282,100,0,22.0,600,600,5,0.5,180,135,0,10,pachai_05_0.5_180_135_00.png,0.8119026961336693,5.0,0.17019174002783577,0.05305702905556272,0,0,pachai,0,2019_Jun_16_1310,model
243,0.282,100,0,22.0,600,600,5,0.5,180,135,1,10,pachai_05_0.5_180_135_01.png,0.8119026961336693,5.0,0.1659853481413478,0.052044095426674965,0,0,pachai,0,2019_Jun_16_1310,model
244,0.282,100,0,22.0,600,600,5,0.5,180,225,0,10,pachai_05_0.5_180_225_00.png,0.8119026961336693,5.0,0.17019174002783577,0.05305702905556272,0,0,pachai,0,2019_Jun_16_1310,model
245,0.282,100,0,22.0,600,600,5,0.5,180,225,1,10,pachai_05_0.5_180_225_01.png,0.8119026961336693,5.0,0.1660209268890142,0.05205771431706635,0,0,pachai,0,2019_Jun_16_1310,model
246,0.282,100,0,22.0,600,600,5,0.5,180,315,0,10,pachai_05_0.5_180_315_00.png,0.8119026961336693,5.0,0.17019174002783577,0.05305702905556272,0,0,pachai,0,2019_Jun_16_1310,model
247,0.282,100,0,22.0,600,600,5,0.5,180,315,1,10,pachai_05_0.5_180_315_01.png,0.8119026961336693,5.0,0.1660564919166092,0.05206663791533152,0,0,pachai,0,2019_Jun_16_1310,model
248,0.282,100,0,22.0,600,600,5,0.5,270,45,0,10,pachai_05_0.5_270_45_00.png,0.8119026961336693,5.0,0.1702153797488128,0.05306699989962605,0,0,pachai,0,2019_Jun_16_1310,model
249,0.282,100,0,22.0,600,600,5,0.5,270,45,1,10,pachai_05_0.5_270_45_01.png,0.8119026961336693,5.0,0.16604566922965666,0.052064523127808286,0,0,pachai,0,2019_Jun_16_1310,model
250,0.282,100,0,22.0,600,600,5,0.5,270,135,0,10,pachai_05_0.5_270_135_00.png,0.8119026961336693,5.0,0.1702153797488128,0.05306699989962605,0,0,pachai,0,2019_Jun_16_1310,model
251,0.282,100,0,22.0,600,600,5,0.5,270,135,1,10,pachai_05_0.5_270_135_01.png,0.8119026961336693,5.0,0.1660101000273213,0.05205083744972674,0,0,pachai,0,2019_Jun_16_1310,model
252,0.282,100,0,22.0,600,600,5,0.5,270,225,0,10,pachai_05_0.5_270_225_00.png,0.8119026961336693,5.0,0.1702153797488128,0.05306699989962605,0,0,pachai,0,2019_Jun_16_1310,model
253,0.282,100,0,22.0,600,600,5,0.5,270,225,1,10,pachai_05_0.5_270_225_01.png,0.8119026961336693,5.0,0.16604566922965666,0.05206806401962154,0,0,pachai,0,2019_Jun_16_1310,model
254,0.282,100,0,22.0,600,600,5,0.5,270,315,0,10,pachai_05_0.5_270_315_00.png,0.8119026961336693,5.0,0.1702153797488128,0.05306699989962605,0,0,pachai,0,2019_Jun_16_1310,model
255,0.282,100,0,22.0,600,600,5,0.5,270,315,1,10,pachai_05_0.5_270_315_01.png,0.8119026961336693,5.0,0.16608122471805317,0.052081322320115954,0,0,pachai,0,2019_Jun_16_1310,model
256,0.282,100,0,22.0,600,600,5,0.9,0,45,0,10,pachai_05_0.9_00_45_00.png,0.8119026961336693,5.0,0.1784032541216894,0.0562205200441629,0,0,pachai,0,2019_Jun_16_1310,model
257,0.282,100,0,22.0,600,600,5,0.9,0,45,1,10,pachai_05_0.9_00_45_01.png,0.8119026961336693,5.0,0.1746275046235665,0.0552581234128101,0,0,pachai,0,2019_Jun_16_1310,model
258,0.282,100,0,22.0,600,600,5,0.9,0,135,0,10,pachai_05_0.9_00_135_00.png,0.8119026961336693,5.0,0.1784032541216894,0.0562205200441629,0,0,pachai,0,2019_Jun_16_1310,model
259,0.282,100,0,22.0,600,600,5,0.9,0,135,1,10,pachai_05_0.9_00_135_01.png,0.8119026961336693,5.0,0.17460077868771293,0.0552483722228431,0,0,pachai,0,2019_Jun_16_1310,model
260,0.282,100,0,22.0,600,600,5,0.9,0,225,0,10,pachai_05_0.9_00_225_00.png,0.8119026961336693,5.0,0.1784032541216894,0.0562205200441629,0,0,pachai,0,2019_Jun_16_1310,model
261,0.282,100,0,22.0,600,600,5,0.9,0,225,1,10,pachai_05_0.9_00_225_01.png,0.8119026961336693,5.0,0.17462750462356652,0.05525795871633059,0,0,pachai,0,2019_Jun_16_1310,model
262,0.282,100,0,22.0,600,600,5,0.9,0,315,0,10,pachai_05_0.9_00_315_00.png,0.8119026961336693,5.0,0.1784032541216894,0.0562205200441629,0,0,pachai,0,2019_Jun_16_1310,model
263,0.282,100,0,22.0,600,600,5,0.9,0,315,1,10,pachai_05_0.9_00_315_01.png,0.8119026961336693,5.0,0.17465422251381998,0.05526661808468632,0,0,pachai,0,2019_Jun_16_1310,model
264,0.282,100,0,22.0,600,600,5,0.9,90,45,0,10,pachai_05_0.9_90_45_00.png,0.8119026961336693,5.0,0.1783816958631666,0.056210814068045366,0,0,pachai,0,2019_Jun_16_1310,model
265,0.282,100,0,22.0,600,600,5,0.9,90,45,1,10,pachai_05_0.9_90_45_01.png,0.8119026961336693,5.0,0.1746049991073598,0.05524826766228558,0,0,pachai,0,2019_Jun_16_1310,model
266,0.282,100,0,22.0,600,600,5,0.9,90,135,0,10,pachai_05_0.9_90_135_00.png,0.8119026961336693,5.0,0.1783816958631666,0.056210814068045366,0,0,pachai,0,2019_Jun_16_1310,model
267,0.282,100,0,22.0,600,600,5,0.9,90,135,1,10,pachai_05_0.9_90_135_01.png,0.8119026961336693,5.0,0.1745782663933981,0.0552386659733439,0,0,pachai,0,2019_Jun_16_1310,model
268,0.282,100,0,22.0,600,600,5,0.9,90,225,0,10,pachai_05_0.9_90_225_00.png,0.8119026961336693,5.0,0.1783816958631666,0.056210814068045366,0,0,pachai,0,2019_Jun_16_1310,model
269,0.282,100,0,22.0,600,600,5,0.9,90,225,1,10,pachai_05_0.9_90_225_01.png,0.8119026961336693,5.0,0.17460499910735977,0.0552480836378235,0,0,pachai,0,2019_Jun_16_1310,model
270,0.282,100,0,22.0,600,600,5,0.9,90,315,0,10,pachai_05_0.9_90_315_00.png,0.8119026961336693,5.0,0.1783816958631666,0.056210814068045366,0,0,pachai,0,2019_Jun_16_1310,model
271,0.282,100,0,22.0,600,600,5,0.9,90,315,1,10,pachai_05_0.9_90_315_01.png,0.8119026961336693,5.0,0.17463172377260985,0.05525657595435258,0,0,pachai,0,2019_Jun_16_1310,model
272,0.282,100,0,22.0,600,600,5,0.9,180,45,0,10,pachai_05_0.9_180_45_00.png,0.8119026961336693,5.0,0.1783816958631666,0.05621081406804536,0,0,pachai,0,2019_Jun_16_1310,model
273,0.282,100,0,22.0,600,600,5,0.9,180,45,1,10,pachai_05_0.9_180_45_01.png,0.8119026961336693,5.0,0.1746049991073598,0.055248083637823485,0,0,pachai,0,2019_Jun_16_1310,model
274,0.282,100,0,22.0,600,600,5,0.9,180,135,0,10,pachai_05_0.9_180_135_00.png,0.8119026961336693,5.0,0.1783816958631666,0.05621081406804536,0,0,pachai,0,2019_Jun_16_1310,model
275,0.282,100,0,22.0,600,600,5,0.9,180,135,1,10,pachai_05_0.9_180_135_01.png,0.8119026961336693,5.0,0.1745782663933981,0.0552386659733439,0,0,pachai,0,2019_Jun_16_1310,model
276,0.282,100,0,22.0,600,600,5,0.9,180,225,0,10,pachai_05_0.9_180_225_00.png,0.8119026961336693,5.0,0.1783816958631666,0.05621081406804536,0,0,pachai,0,2019_Jun_16_1310,model
277,0.282,100,0,22.0,600,600,5,0.9,180,225,1,10,pachai_05_0.9_180_225_01.png,0.8119026961336693,5.0,0.1746049991073598,0.05524826766228556,0,0,pachai,0,2019_Jun_16_1310,model
278,0.282,100,0,22.0,600,600,5,0.9,180,315,0,10,pachai_05_0.9_180_315_00.png,0.8119026961336693,5.0,0.1783816958631666,0.05621081406804536,0,0,pachai,0,2019_Jun_16_1310,model
279,0.282,100,0,22.0,600,600,5,0.9,180,315,1,10,pachai_05_0.9_180_315_01.png,0.8119026961336693,5.0,0.17463172377260985,0.05525657595435257,0,0,pachai,0,2019_Jun_16_1310,model
280,0.282,100,0,22.0,600,600,5,0.9,270,45,0,10,pachai_05_0.9_270_45_00.png,0.8119026961336693,5.0,0.1784032541216894,0.0562205200441629,0,0,pachai,0,2019_Jun_16_1310,model
281,0.282,100,0,22.0,600,600,5,0.9,270,45,1,10,pachai_05_0.9_270_45_01.png,0.8119026961336693,5.0,0.17462750462356652,0.05525795871633059,0,0,pachai,0,2019_Jun_16_1310,model
282,0.282,100,0,22.0,600,600,5,0.9,270,135,0,10,pachai_05_0.9_270_135_00.png,0.8119026961336693,5.0,0.1784032541216894,0.0562205200441629,0,0,pachai,0,2019_Jun_16_1310,model
283,0.282,100,0,22.0,600,600,5,0.9,270,135,1,10,pachai_05_0.9_270_135_01.png,0.8119026961336693,5.0,0.17460077868771298,0.05524837222284311,0,0,pachai,0,2019_Jun_16_1310,model
284,0.282,100,0,22.0,600,600,5,0.9,270,225,0,10,pachai_05_0.9_270_225_00.png,0.8119026961336693,5.0,0.1784032541216894,0.0562205200441629,0,0,pachai,0,2019_Jun_16_1310,model
285,0.282,100,0,22.0,600,600,5,0.9,270,225,1,10,pachai_05_0.9_270_225_01.png,0.8119026961336693,5.0,0.17462750462356652,0.05525812341281009,0,0,pachai,0,2019_Jun_16_1310,model
286,0.282,100,0,22.0,600,600,5,0.9,270,315,0,10,pachai_05_0.9_270_315_00.png,0.8119026961336693,5.0,0.1784032541216894,0.0562205200441629,0,0,pachai,0,2019_Jun_16_1310,model
287,0.282,100,0,22.0,600,600,5,0.9,270,315,1,10,pachai_05_0.9_270_315_01.png,0.8119026961336693,5.0,0.17465422251382,0.05526661808468632,0,0,pachai,0,2019_Jun_16_1310,model
288,0.282,100,0,22.0,600,600,5,1.62,0,45,0,10,pachai_05_1.62_00_45_00.png,0.8119026961336693,5.0,0.19206530505336225,0.061511066120199825,0,0,pachai,0,2019_Jun_16_1310,model
289,0.282,100,0,22.0,600,600,5,1.62,0,45,1,10,pachai_05_1.62_00_45_01.png,0.8119026961336693,5.0,0.1887780727936379,0.06061927495714799,0,0,pachai,0,2019_Jun_16_1310,model
290,0.282,100,0,22.0,600,600,5,1.62,0,135,0,10,pachai_05_1.62_00_135_00.png,0.8119026961336693,5.0,0.19206530505336225,0.061511066120199825,0,0,pachai,0,2019_Jun_16_1310,model
291,0.282,100,0,22.0,600,600,5,1.62,0,135,1,10,pachai_05_1.62_00_135_01.png,0.8119026961336693,5.0,0.18875902846266818,0.06061225088399925,0,0,pachai,0,2019_Jun_16_1310,model
292,0.282,100,0,22.0,600,600,5,1.62,0,225,0,10,pachai_05_1.62_00_225_00.png,0.8119026961336693,5.0,0.19206530505336225,0.061511066120199825,0,0,pachai,0,2019_Jun_16_1310,model
293,0.282,100,0,22.0,600,600,5,1.62,0,225,1,10,pachai_05_1.62_00_225_01.png,0.8119026961336693,5.0,0.1887780727936379,0.06061927495714799,0,0,pachai,0,2019_Jun_16_1310,model
294,0.282,100,0,22.0,600,600,5,1.62,0,315,0,10,pachai_05_1.62_00_315_00.png,0.8119026961336693,5.0,0.19206530505336225,0.061511066120199825,0,0,pachai,0,2019_Jun_16_1310,model
295,0.282,100,0,22.0,600,600,5,1.62,0,315,1,10,pachai_05_1.62_00_315_01.png,0.8119026961336693,5.0,0.18879473287848306,0.060626721897608614,0,0,pachai,0,2019_Jun_16_1310,model
296,0.282,100,0,22.0,600,600,5,1.62,90,45,0,10,pachai_05_1.62_90_45_00.png,0.8119026961336693,5.0,0.19204703636139683,0.061502238870392,0,0,pachai,0,2019_Jun_16_1310,model
297,0.282,100,0,22.0,600,600,5,1.62,90,45,1,10,pachai_05_1.62_90_45_01.png,0.8119026961336693,5.0,0.18875902846266815,0.06061031782755699,0,0,pachai,0,2019_Jun_16_1310,model
298,0.282,100,0,22.0,600,600,5,1.62,90,135,0,10,pachai_05_1.62_90_135_00.png,0.8119026961336693,5.0,0.19204703636139683,0.061502238870392,0,0,pachai,0,2019_Jun_16_1310,model
299,0.282,100,0,22.0,600,600,5,1.62,90,135,1,10,pachai_05_1.62_90_135_01.png,0.8119026961336693,5.0,0.18873997961411754,0.06060329271625454,0,0,pachai,0,2019_Jun_16_1310,model
300,0.282,100,0,22.0,600,600,5,1.62,90,225,0,10,pachai_05_1.62_90_225_00.png,0.8119026961336693,5.0,0.19204703636139683,0.061502238870392,0,0,pachai,0,2019_Jun_16_1310,model
301,0.282,100,0,22.0,600,600,5,1.62,90,225,1,10,pachai_05_1.62_90_225_01.png,0.8119026961336693,5.0,0.18875902846266818,0.060610317827556985,0,0,pachai,0,2019_Jun_16_1310,model
302,0.282,100,0,22.0,600,600,5,1.62,90,315,0,10,pachai_05_1.62_90_315_00.png,0.8119026961336693,5.0,0.19204703636139683,0.061502238870392,0,0,pachai,0,2019_Jun_16_1310,model
303,0.282,100,0,22.0,600,600,5,1.62,90,315,1,10,pachai_05_1.62_90_315_01.png,0.8119026961336693,5.0,0.18877569249927517,0.06061776586840808,0,0,pachai,0,2019_Jun_16_1310,model
304,0.282,100,0,22.0,600,600,5,1.62,180,45,0,10,pachai_05_1.62_180_45_00.png,0.8119026961336693,5.0,0.19204703636139683,0.061502238870392,0,0,pachai,0,2019_Jun_16_1310,model
305,0.282,100,0,22.0,600,600,5,1.62,180,45,1,10,pachai_05_1.62_180_45_01.png,0.8119026961336693,5.0,0.18875902846266818,0.060610317827556985,0,0,pachai,0,2019_Jun_16_1310,model
306,0.282,100,0,22.0,600,600,5,1.62,180,135,0,10,pachai_05_1.62_180_135_00.png,0.8119026961336693,5.0,0.19204703636139683,0.061502238870392,0,0,pachai,0,2019_Jun_16_1310,model
307,0.282,100,0,22.0,600,600,5,1.62,180,135,1,10,pachai_05_1.62_180_135_01.png,0.8119026961336693,5.0,0.18873997961411754,0.06060329271625454,0,0,pachai,0,2019_Jun_16_1310,model
308,0.282,100,0,22.0,600,600,5,1.62,180,225,0,10,pachai_05_1.62_180_225_00.png,0.8119026961336693,5.0,0.19204703636139683,0.061502238870392,0,0,pachai,0,2019_Jun_16_1310,model
309,0.282,100,0,22.0,600,600,5,1.62,180,225,1,10,pachai_05_1.62_180_225_01.png,0.8119026961336693,5.0,0.18875902846266818,0.06061031782755699,0,0,pachai,0,2019_Jun_16_1310,model
310,0.282,100,0,22.0,600,600,5,1.62,180,315,0,10,pachai_05_1.62_180_315_00.png,0.8119026961336693,5.0,0.19204703636139683,0.061502238870392,0,0,pachai,0,2019_Jun_16_1310,model
311,0.282,100,0,22.0,600,600,5,1.62,180,315,1,10,pachai_05_1.62_180_315_01.png,0.8119026961336693,5.0,0.18877569249927517,0.060617765868408086,0,0,pachai,0,2019_Jun_16_1310,model
312,0.282,100,0,22.0,600,600,5,1.62,270,45,0,10,pachai_05_1.62_270_45_00.png,0.8119026961336693,5.0,0.19206530505336225,0.06151106612019982,0,0,pachai,0,2019_Jun_16_1310,model
313,0.282,100,0,22.0,600,600,5,1.62,270,45,1,10,pachai_05_1.62_270_45_01.png,0.8119026961336693,5.0,0.1887780727936379,0.06061927495714799,0,0,pachai,0,2019_Jun_16_1310,model
314,0.282,100,0,22.0,600,600,5,1.62,270,135,0,10,pachai_05_1.62_270_135_00.png,0.8119026961336693,5.0,0.19206530505336225,0.06151106612019982,0,0,pachai,0,2019_Jun_16_1310,model
315,0.282,100,0,22.0,600,600,5,1.62,270,135,1,10,pachai_05_1.62_270_135_01.png,0.8119026961336693,5.0,0.18875902846266818,0.06061225088399924,0,0,pachai,0,2019_Jun_16_1310,model
316,0.282,100,0,22.0,600,600,5,1.62,270,225,0,10,pachai_05_1.62_270_225_00.png,0.8119026961336693,5.0,0.19206530505336225,0.06151106612019982,0,0,pachai,0,2019_Jun_16_1310,model
317,0.282,100,0,22.0,600,600,5,1.62,270,225,1,10,pachai_05_1.62_270_225_01.png,0.8119026961336693,5.0,0.1887780727936379,0.060619274957147994,0,0,pachai,0,2019_Jun_16_1310,model
318,0.282,100,0,22.0,600,600,5,1.62,270,315,0,10,pachai_05_1.62_270_315_00.png,0.8119026961336693,5.0,0.19206530505336225,0.06151106612019982,0,0,pachai,0,2019_Jun_16_1310,model
319,0.282,100,0,22.0,600,600,5,1.62,270,315,1,10,pachai_05_1.62_270_315_01.png,0.8119026961336693,5.0,0.18879473287848306,0.06062672189760862,0,0,pachai,0,2019_Jun_16_1310,model
320,0.282,100,0,22.0,600,600,5,2.58,0,45,0,10,pachai_05_2.58_00_45_00.png,0.8119026961336693,5.0,0.2069066114608589,0.06794931057579665,0,0,pachai,0,2019_Jun_16_1310,model
321,0.282,100,0,22.0,600,600,5,2.58,0,45,1,10,pachai_05_2.58_00_45_01.png,0.8119026961336693,5.0,0.20420711850834425,0.06713239748763189,0,0,pachai,0,2019_Jun_16_1310,model
322,0.282,100,0,22.0,600,600,5,2.58,0,135,0,10,pachai_05_2.58_00_135_00.png,0.8119026961336693,5.0,0.2069066114608589,0.06794931057579665,0,0,pachai,0,2019_Jun_16_1310,model
323,0.282,100,0,22.0,600,600,5,2.58,0,135,1,10,pachai_05_2.58_00_135_01.png,0.8119026961336693,5.0,0.2041974629187113,0.06712432406141383,0,0,pachai,0,2019_Jun_16_1310,model
324,0.282,100,0,22.0,600,600,5,2.58,0,225,0,10,pachai_05_2.58_00_225_00.png,0.8119026961336693,5.0,0.2069066114608589,0.06794931057579665,0,0,pachai,0,2019_Jun_16_1310,model
325,0.282,100,0,22.0,600,600,5,2.58,0,225,1,10,pachai_05_2.58_00_225_01.png,0.8119026961336693,5.0,0.20420711850834425,0.06713239748763188,0,0,pachai,0,2019_Jun_16_1310,model
326,0.282,100,0,22.0,600,600,5,2.58,0,315,0,10,pachai_05_2.58_00_315_00.png,0.8119026961336693,5.0,0.2069066114608589,0.06794931057579665,0,0,pachai,0,2019_Jun_16_1310,model
327,0.282,100,0,22.0,600,600,5,2.58,0,315,1,10,pachai_05_2.58_00_315_01.png,0.8119026961336693,5.0,0.204222564552895,0.06713931325810915,0,0,pachai,0,2019_Jun_16_1310,model
328,0.282,100,0,22.0,600,600,5,2.58,90,45,0,10,pachai_05_2.58_90_45_00.png,0.8119026961336693,5.0,0.20689178586162452,0.06794131981756929,0,0,pachai,0,2019_Jun_16_1310,model
329,0.282,100,0,22.0,600,600,5,2.58,90,45,1,10,pachai_05_2.58_90_45_01.png,0.8119026961336693,5.0,0.20419166889586213,0.06712430948072813,0,0,pachai,0,2019_Jun_16_1310,model
330,0.282,100,0,22.0,600,600,5,2.58,90,135,0,10,pachai_05_2.58_90_135_00.png,0.8119026961336693,5.0,0.20689178586162452,0.06794131981756929,0,0,pachai,0,2019_Jun_16_1310,model
331,0.282,100,0,22.0,600,600,5,2.58,90,135,1,10,pachai_05_2.58_90_135_01.png,0.8119026961336693,5.0,0.20418201107586068,0.067116235081602,0,0,pachai,0,2019_Jun_16_1310,model
332,0.282,100,0,22.0,600,600,5,2.58,90,225,0,10,pachai_05_2.58_90_225_00.png,0.8119026961336693,5.0,0.20689178586162452,0.06794131981756929,0,0,pachai,0,2019_Jun_16_1310,model
333,0.282,100,0,22.0,600,600,5,2.58,90,225,1,10,pachai_05_2.58_90_225_01.png,0.8119026961336693,5.0,0.20419166889586213,0.06712430948072814,0,0,pachai,0,2019_Jun_16_1310,model
334,0.282,100,0,22.0,600,600,5,2.58,90,315,0,10,pachai_05_2.58_90_315_00.png,0.8119026961336693,5.0,0.20689178586162452,0.06794131981756929,0,0,pachai,0,2019_Jun_16_1310,model
335,0.282,100,0,22.0,600,600,5,2.58,90,315,1,10,pachai_05_2.58_90_315_01.png,0.8119026961336693,5.0,0.20420711850834428,0.06713122608442121,0,0,pachai,0,2019_Jun_16_1310,model
336,0.282,100,0,22.0,600,600,5,2.58,180,45,0,10,pachai_05_2.58_180_45_00.png,0.8119026961336693,5.0,0.20689178586162452,0.06794131981756929,0,0,pachai,0,2019_Jun_16_1310,model
337,0.282,100,0,22.0,600,600,5,2.58,180,45,1,10,pachai_05_2.58_180_45_01.png,0.8119026961336693,5.0,0.2041916688958621,0.06712430948072813,0,0,pachai,0,2019_Jun_16_1310,model
338,0.282,100,0,22.0,600,600,5,2.58,180,135,0,10,pachai_05_2.58_180_135_00.png,0.8119026961336693,5.0,0.20689178586162452,0.06794131981756929,0,0,pachai,0,2019_Jun_16_1310,model
339,0.282,100,0,22.0,600,600,5,2.58,180,135,1,10,pachai_05_2.58_180_135_01.png,0.8119026961336693,5.0,0.20418201107586068,0.067116235081602,0,0,pachai,0,2019_Jun_16_1310,model
340,0.282,100,0,22.0,600,600,5,2.58,180,225,0,10,pachai_05_2.58_180_225_00.png,0.8119026961336693,5.0,0.20689178586162452,0.06794131981756929,0,0,pachai,0,2019_Jun_16_1310,model
341,0.282,100,0,22.0,600,600,5,2.58,180,225,1,10,pachai_05_2.58_180_225_01.png,0.8119026961336693,5.0,0.20419166889586216,0.06712430948072813,0,0,pachai,0,2019_Jun_16_1310,model
342,0.282,100,0,22.0,600,600,5,2.58,180,315,0,10,pachai_05_2.58_180_315_00.png,0.8119026961336693,5.0,0.20689178586162452,0.06794131981756929,0,0,pachai,0,2019_Jun_16_1310,model
343,0.282,100,0,22.0,600,600,5,2.58,180,315,1,10,pachai_05_2.58_180_315_01.png,0.8119026961336693,5.0,0.20420711850834425,0.0671312260844212,0,0,pachai,0,2019_Jun_16_1310,model
344,0.282,100,0,22.0,600,600,5,2.58,270,45,0,10,pachai_05_2.58_270_45_00.png,0.8119026961336693,5.0,0.2069066114608589,0.06794931057579665,0,0,pachai,0,2019_Jun_16_1310,model
345,0.282,100,0,22.0,600,600,5,2.58,270,45,1,10,pachai_05_2.58_270_45_01.png,0.8119026961336693,5.0,0.20420711850834425,0.06713239748763188,0,0,pachai,0,2019_Jun_16_1310,model
346,0.282,100,0,22.0,600,600,5,2.58,270,135,0,10,pachai_05_2.58_270_135_00.png,0.8119026961336693,5.0,0.2069066114608589,0.06794931057579665,0,0,pachai,0,2019_Jun_16_1310,model
347,0.282,100,0,22.0,600,600,5,2.58,270,135,1,10,pachai_05_2.58_270_135_01.png,0.8119026961336693,5.0,0.2041974629187113,0.06712432406141383,0,0,pachai,0,2019_Jun_16_1310,model
348,0.282,100,0,22.0,600,600,5,2.58,270,225,0,10,pachai_05_2.58_270_225_00.png,0.8119026961336693,5.0,0.2069066114608589,0.06794931057579665,0,0,pachai,0,2019_Jun_16_1310,model
349,0.282,100,0,22.0,600,600,5,2.58,270,225,1,10,pachai_05_2.58_270_225_01.png,0.8119026961336693,5.0,0.20420711850834428,0.06713239748763189,0,0,pachai,0,2019_Jun_16_1310,model
350,0.282,100,0,22.0,600,600,5,2.58,270,315,0,10,pachai_05_2.58_270_315_00.png,0.8119026961336693,5.0,0.2069066114608589,0.06794931057579665,0,0,pachai,0,2019_Jun_16_1310,model
351,0.282,100,0,22.0,600,600,5,2.58,270,315,1,10,pachai_05_2.58_270_315_01.png,0.8119026961336693,5.0,0.204222564552895,0.06713931325810914,0,0,pachai,0,2019_Jun_16_1310,model
352,0.282,100,0,22.0,600,600,5,3.9,0,45,0,10,pachai_05_3.9_00_45_00.png,0.8119026961336693,5.0,0.22281452716338143,0.07596835664692925,0,0,pachai,0,2019_Jun_16_1310,model
353,0.282,100,0,22.0,600,600,5,3.9,0,45,1,10,pachai_05_3.9_00_45_01.png,0.8119026961336693,5.0,0.22080362391690897,0.0752187003426419,0,0,pachai,0,2019_Jun_16_1310,model
354,0.282,100,0,22.0,600,600,5,3.9,0,135,0,10,pachai_05_3.9_00_135_00.png,0.8119026961336693,5.0,0.22281452716338143,0.07596835664692925,0,0,pachai,0,2019_Jun_16_1310,model
355,0.282,100,0,22.0,600,600,5,3.9,0,135,1,10,pachai_05_3.9_00_135_01.png,0.8119026961336693,5.0,0.2207928018373065,0.07521226610745559,0,0,pachai,0,2019_Jun_16_1310,model
356,0.282,100,0,22.0,600,600,5,3.9,0,225,0,10,pachai_05_3.9_00_225_00.png,0.8119026961336693,5.0,0.22281452716338143,0.07596835664692925,0,0,pachai,0,2019_Jun_16_1310,model
357,0.282,100,0,22.0,600,600,5,3.9,0,225,1,10,pachai_05_3.9_00_225_01.png,0.8119026961336693,5.0,0.22080362391690897,0.0752187003426419,0,0,pachai,0,2019_Jun_16_1310,model
358,0.282,100,0,22.0,600,600,5,3.9,0,315,0,10,pachai_05_3.9_00_315_00.png,0.8119026961336693,5.0,0.22281452716338143,0.07596835664692925,0,0,pachai,0,2019_Jun_16_1310,model
359,0.282,100,0,22.0,600,600,5,3.9,0,315,1,10,pachai_05_3.9_00_315_01.png,0.8119026961336693,5.0,0.22080867337179189,0.07522591084569841,0,0,pachai,0,2019_Jun_16_1310,model
360,0.282,100,0,22.0,600,600,5,3.9,90,45,0,10,pachai_05_3.9_90_45_00.png,0.8119026961336693,5.0,0.22280347928359923,0.07596120945892187,0,0,pachai,0,2019_Jun_16_1310,model
361,0.282,100,0,22.0,600,600,5,3.9,90,45,1,10,pachai_05_3.9_90_45_01.png,0.8119026961336693,5.0,0.22079208027712574,0.07521148191641565,0,0,pachai,0,2019_Jun_16_1310,model
362,0.282,100,0,22.0,600,600,5,3.9,90,135,0,10,pachai_05_3.9_90_135_00.png,0.8119026961336693,5.0,0.22280347928359923,0.07596120945892187,0,0,pachai,0,2019_Jun_16_1310,model
363,0.282,100,0,22.0,600,600,5,3.9,90,135,1,10,pachai_05_3.9_90_135_01.png,0.8119026961336693,5.0,0.22078125555117015,0.07520504706365043,0,0,pachai,0,2019_Jun_16_1310,model
364,0.282,100,0,22.0,600,600,5,3.9,90,225,0,10,pachai_05_3.9_90_225_00.png,0.8119026961336693,5.0,0.22280347928359923,0.07596120945892187,0,0,pachai,0,2019_Jun_16_1310,model
365,0.282,100,0,22.0,600,600,5,3.9,90,225,1,10,pachai_05_3.9_90_225_01.png,0.8119026961336693,5.0,0.22079208027712582,0.07521148191641566,0,0,pachai,0,2019_Jun_16_1310,model
366,0.282,100,0,22.0,600,600,5,3.9,90,315,0,10,pachai_05_3.9_90_315_00.png,0.8119026961336693,5.0,0.22280347928359923,0.07596120945892187,0,0,pachai,0,2019_Jun_16_1310,model
367,0.282,100,0,22.0,600,600,5,3.9,90,315,1,10,pachai_05_3.9_90_315_01.png,0.8119026961336693,5.0,0.22079713096684037,0.07521869311143427,0,0,pachai,0,2019_Jun_16_1310,model
368,0.282,100,0,22.0,600,600,5,3.9,180,45,0,10,pachai_05_3.9_180_45_00.png,0.8119026961336693,5.0,0.22280347928359923,0.07596120945892187,0,0,pachai,0,2019_Jun_16_1310,model
369,0.282,100,0,22.0,600,600,5,3.9,180,45,1,10,pachai_05_3.9_180_45_01.png,0.8119026961336693,5.0,0.22079208027712574,0.07521148191641565,0,0,pachai,0,2019_Jun_16_1310,model
370,0.282,100,0,22.0,600,600,5,3.9,180,135,0,10,pachai_05_3.9_180_135_00.png,0.8119026961336693,5.0,0.22280347928359923,0.07596120945892187,0,0,pachai,0,2019_Jun_16_1310,model
371,0.282,100,0,22.0,600,600,5,3.9,180,135,1,10,pachai_05_3.9_180_135_01.png,0.8119026961336693,5.0,0.22078125555117015,0.07520504706365043,0,0,pachai,0,2019_Jun_16_1310,model
372,0.282,100,0,22.0,600,600,5,3.9,180,225,0,10,pachai_05_3.9_180_225_00.png,0.8119026961336693,5.0,0.22280347928359923,0.07596120945892187,0,0,pachai,0,2019_Jun_16_1310,model
373,0.282,100,0,22.0,600,600,5,3.9,180,225,1,10,pachai_05_3.9_180_225_01.png,0.8119026961336693,5.0,0.22079208027712582,0.07521148191641566,0,0,pachai,0,2019_Jun_16_1310,model
374,0.282,100,0,22.0,600,600,5,3.9,180,315,0,10,pachai_05_3.9_180_315_00.png,0.8119026961336693,5.0,0.22280347928359923,0.07596120945892187,0,0,pachai,0,2019_Jun_16_1310,model
375,0.282,100,0,22.0,600,600,5,3.9,180,315,1,10,pachai_05_3.9_180_315_01.png,0.8119026961336693,5.0,0.22079713096684037,0.07521869311143427,0,0,pachai,0,2019_Jun_16_1310,model
376,0.282,100,0,22.0,600,600,5,3.9,270,45,0,10,pachai_05_3.9_270_45_00.png,0.8119026961336693,5.0,0.22281452716338143,0.07596835664692925,0,0,pachai,0,2019_Jun_16_1310,model
377,0.282,100,0,22.0,600,600,5,3.9,270,45,1,10,pachai_05_3.9_270_45_01.png,0.8119026961336693,5.0,0.22080362391690897,0.0752187003426419,0,0,pachai,0,2019_Jun_16_1310,model
378,0.282,100,0,22.0,600,600,5,3.9,270,135,0,10,pachai_05_3.9_270_135_00.png,0.8119026961336693,5.0,0.22281452716338143,0.07596835664692925,0,0,pachai,0,2019_Jun_16_1310,model
379,0.282,100,0,22.0,600,600,5,3.9,270,135,1,10,pachai_05_3.9_270_135_01.png,0.8119026961336693,5.0,0.22079280183730654,0.07521226610745559,0,0,pachai,0,2019_Jun_16_1310,model
380,0.282,100,0,22.0,600,600,5,3.9,270,225,0,10,pachai_05_3.9_270_225_00.png,0.8119026961336693,5.0,0.22281452716338143,0.07596835664692925,0,0,pachai,0,2019_Jun_16_1310,model
381,0.282,100,0,22.0,600,600,5,3.9,270,225,1,10,pachai_05_3.9_270_225_01.png,0.8119026961336693,5.0,0.22080362391690897,0.07521870034264189,0,0,pachai,0,2019_Jun_16_1310,model
382,0.282,100,0,22.0,600,600,5,3.9,270,315,0,10,pachai_05_3.9_270_315_00.png,0.8119026961336693,5.0,0.22281452716338143,0.07596835664692925,0,0,pachai,0,2019_Jun_16_1310,model
383,0.282,100,0,22.0,600,600,5,3.9,270,315,1,10,pachai_05_3.9_270_315_01.png,0.8119026961336693,5.0,0.22080867337179189,0.07522591084569841,0,0,pachai,0,2019_Jun_16_1310,model
