,screen_pixel_size,new_response_max,new_response_min,viewing_distance,image_height,image_width,target_orientation,flank_distance,flank_orientation,gap,offset,image,sigma,K,rms,rrms,resp.keys,resp.rt,expName,session,date,participant
0,0.282,100,0,22.0,600,600,0,-1.0,45,0,10,bex_00_-1_45_00.png,0.8119026961336693,5.0,0.0365366367982275,0.0110957493208992,0,0,bex,0,2019_Jun_16_1308,model
1,0.282,100,0,22.0,600,600,0,-1.0,45,1,10,bex_00_-1_45_01.png,0.8119026961336693,5.0,0.0365366367982275,0.0110957493208992,0,0,bex,0,2019_Jun_16_1308,model
2,0.282,100,0,22.0,600,600,0,-1.0,135,0,10,bex_00_-1_135_00.png,0.8119026961336693,5.0,0.0365366367982275,0.0110957493208992,0,0,bex,0,2019_Jun_16_1308,model
3,0.282,100,0,22.0,600,600,0,-1.0,135,1,10,bex_00_-1_135_01.png,0.8119026961336693,5.0,0.0365366367982275,0.0110957493208992,0,0,bex,0,2019_Jun_16_1308,model
4,0.282,100,0,22.0,600,600,0,-1.0,225,0,10,bex_00_-1_225_00.png,0.8119026961336693,5.0,0.0365366367982275,0.0110957493208992,0,0,bex,0,2019_Jun_16_1308,model
5,0.282,100,0,22.0,600,600,0,-1.0,225,1,10,bex_00_-1_225_01.png,0.8119026961336693,5.0,0.0365366367982275,0.0110957493208992,0,0,bex,0,2019_Jun_16_1308,model
6,0.282,100,0,22.0,600,600,0,-1.0,315,0,10,bex_00_-1_315_00.png,0.8119026961336693,5.0,0.0365366367982275,0.0110957493208992,0,0,bex,0,2019_Jun_16_1308,model
7,0.282,100,0,22.0,600,600,0,-1.0,315,1,10,bex_00_-1_315_01.png,0.8119026961336693,5.0,0.0365366367982275,0.0110957493208992,0,0,bex,0,2019_Jun_16_1308,model
8,0.282,100,0,22.0,600,600,0,0.5,45,0,10,bex_00_0.5_45_00.png,0.8119026961336693,5.0,0.06300159113620495,0.01877965647079332,0,0,bex,0,2019_Jun_16_1308,model
9,0.282,100,0,22.0,600,600,0,0.5,45,1,10,bex_00_0.5_45_01.png,0.8119026961336693,5.0,0.06023902697245565,0.018260963232415276,0,0,bex,0,2019_Jun_16_1308,model
10,0.282,100,0,22.0,600,600,0,0.5,135,0,10,bex_00_0.5_135_00.png,0.8119026961336693,5.0,0.06300159113620495,0.01877965647079332,0,0,bex,0,2019_Jun_16_1308,model
11,0.282,100,0,22.0,600,600,0,0.5,135,1,10,bex_00_0.5_135_01.png,0.8119026961336693,5.0,0.06019461677350925,0.018239681033548217,0,0,bex,0,2019_Jun_16_1308,model
12,0.282,100,0,22.0,600,600,0,0.5,225,0,10,bex_00_0.5_225_00.png,0.8119026961336693,5.0,0.06300159113620495,0.01877965647079332,0,0,bex,0,2019_Jun_16_1308,model
13,0.282,100,0,22.0,600,600,0,0.5,225,1,10,bex_00_0.5_225_01.png,0.8119026961336693,5.0,0.060239026972455645,0.018250864526230988,0,0,bex,0,2019_Jun_16_1308,model
14,0.282,100,0,22.0,600,600,0,0.5,315,0,10,bex_00_0.5_315_00.png,0.8119026961336693,5.0,0.06300159113620495,0.01877965647079332,0,0,bex,0,2019_Jun_16_1308,model
15,0.282,100,0,22.0,600,600,0,0.5,315,1,10,bex_00_0.5_315_01.png,0.8119026961336693,5.0,0.060283402422939135,0.01827392300546075,0,0,bex,0,2019_Jun_16_1308,model
16,0.282,100,0,22.0,600,600,0,0.92,45,0,10,bex_00_0.92_45_00.png,0.8119026961336693,5.0,0.06934490522862018,0.020526852090670976,0,0,bex,0,2019_Jun_16_1308,model
17,0.282,100,0,22.0,600,600,0,0.92,45,1,10,bex_00_0.92_45_01.png,0.8119026961336693,5.0,0.0667740667974181,0.020036718503730424,0,0,bex,0,2019_Jun_16_1308,model
18,0.282,100,0,22.0,600,600,0,0.92,135,0,10,bex_00_0.92_135_00.png,0.8119026961336693,5.0,0.06934490522862018,0.020526852090670976,0,0,bex,0,2019_Jun_16_1308,model
19,0.282,100,0,22.0,600,600,0,0.92,135,1,10,bex_00_0.92_135_01.png,0.8119026961336693,5.0,0.06673926486360462,0.020027600165471834,0,0,bex,0,2019_Jun_16_1308,model
20,0.282,100,0,22.0,600,600,0,0.92,225,0,10,bex_00_0.92_225_00.png,0.8119026961336693,5.0,0.06934490522862018,0.020526852090670976,0,0,bex,0,2019_Jun_16_1308,model
21,0.282,100,0,22.0,600,600,0,0.92,225,1,10,bex_00_0.92_225_01.png,0.8119026961336693,5.0,0.0667740667974181,0.02003643632257851,0,0,bex,0,2019_Jun_16_1308,model
22,0.282,100,0,22.0,600,600,0,0.92,315,0,10,bex_00_0.92_315_00.png,0.8119026961336693,5.0,0.06934490522862018,0.020526852090670976,0,0,bex,0,2019_Jun_16_1308,model
23,0.282,100,0,22.0,600,600,0,0.92,315,1,10,bex_00_0.92_315_01.png,0.8119026961336693,5.0,0.06679891336100516,0.0200462187143888,0,0,bex,0,2019_Jun_16_1308,model
24,0.282,100,0,22.0,600,600,0,1.62,45,0,10,bex_00_1.62_45_00.png,0.8119026961336693,5.0,0.07880911552828054,0.023271064244249188,0,0,bex,0,2019_Jun_16_1308,model
25,0.282,100,0,22.0,600,600,0,1.62,45,1,10,bex_00_1.62_45_01.png,0.8119026961336693,5.0,0.07649494769880498,0.022822984688827857,0,0,bex,0,2019_Jun_16_1308,model
26,0.282,100,0,22.0,600,600,0,1.62,135,0,10,bex_00_1.62_135_00.png,0.8119026961336693,5.0,0.07880911552828054,0.023271064244249188,0,0,bex,0,2019_Jun_16_1308,model
27,0.282,100,0,22.0,600,600,0,1.62,135,1,10,bex_00_1.62_135_01.png,0.8119026961336693,5.0,0.07648208889274503,0.022818344775168805,0,0,bex,0,2019_Jun_16_1308,model
28,0.282,100,0,22.0,600,600,0,1.62,225,0,10,bex_00_1.62_225_00.png,0.8119026961336693,5.0,0.07880911552828054,0.023271064244249188,0,0,bex,0,2019_Jun_16_1308,model
29,0.282,100,0,22.0,600,600,0,1.62,225,1,10,bex_00_1.62_225_01.png,0.8119026961336693,5.0,0.076494947698805,0.02282298468882785,0,0,bex,0,2019_Jun_16_1308,model
30,0.282,100,0,22.0,600,600,0,1.62,315,0,10,bex_00_1.62_315_00.png,0.8119026961336693,5.0,0.07880911552828054,0.023271064244249188,0,0,bex,0,2019_Jun_16_1308,model
31,0.282,100,0,22.0,600,600,0,1.62,315,1,10,bex_00_1.62_315_01.png,0.8119026961336693,5.0,0.0765163737398408,0.022828342606017793,0,0,bex,0,2019_Jun_16_1308,model
32,0.282,100,0,22.0,600,600,0,2.58,45,0,10,bex_00_2.58_45_00.png,0.8119026961336693,5.0,0.08974528474921349,0.02661330081080057,0,0,bex,0,2019_Jun_16_1308,model
33,0.282,100,0,22.0,600,600,0,2.58,45,1,10,bex_00_2.58_45_01.png,0.8119026961336693,5.0,0.0877174143936195,0.026208302523226163,0,0,bex,0,2019_Jun_16_1308,model
34,0.282,100,0,22.0,600,600,0,2.58,135,0,10,bex_00_2.58_135_00.png,0.8119026961336693,5.0,0.08974528474921349,0.02661330081080057,0,0,bex,0,2019_Jun_16_1308,model
35,0.282,100,0,22.0,600,600,0,2.58,135,1,10,bex_00_2.58_135_01.png,0.8119026961336693,5.0,0.08769903366420057,0.026203322617791052,0,0,bex,0,2019_Jun_16_1308,model
36,0.282,100,0,22.0,600,600,0,2.58,225,0,10,bex_00_2.58_225_00.png,0.8119026961336693,5.0,0.08974528474921349,0.02661330081080057,0,0,bex,0,2019_Jun_16_1308,model
37,0.282,100,0,22.0,600,600,0,2.58,225,1,10,bex_00_2.58_225_01.png,0.8119026961336693,5.0,0.08771741439361952,0.02620830252322616,0,0,bex,0,2019_Jun_16_1308,model
38,0.282,100,0,22.0,600,600,0,2.58,315,0,10,bex_00_2.58_315_00.png,0.8119026961336693,5.0,0.08974528474921349,0.02661330081080057,0,0,bex,0,2019_Jun_16_1308,model
39,0.282,100,0,22.0,600,600,0,2.58,315,1,10,bex_00_2.58_315_01.png,0.8119026961336693,5.0,0.0877284407209458,0.026212562343593537,0,0,bex,0,2019_Jun_16_1308,model
40,0.282,100,0,22.0,600,600,0,3.9,45,0,10,bex_00_3.9_45_00.png,0.8119026961336693,5.0,0.10297795830629163,0.030606209556203443,0,0,bex,0,2019_Jun_16_1308,model
41,0.282,100,0,22.0,600,600,0,3.9,45,1,10,bex_00_3.9_45_01.png,0.8119026961336693,5.0,0.10123934456506127,0.030237374727504374,0,0,bex,0,2019_Jun_16_1308,model
42,0.282,100,0,22.0,600,600,0,3.9,135,0,10,bex_00_3.9_135_00.png,0.8119026961336693,5.0,0.10297795830629163,0.030606209556203443,0,0,bex,0,2019_Jun_16_1308,model
43,0.282,100,0,22.0,600,600,0,3.9,135,1,10,bex_00_3.9_135_01.png,0.8119026961336693,5.0,0.10122690782651633,0.030234010444710222,0,0,bex,0,2019_Jun_16_1308,model
44,0.282,100,0,22.0,600,600,0,3.9,225,0,10,bex_00_3.9_225_00.png,0.8119026961336693,5.0,0.10297795830629163,0.030606209556203443,0,0,bex,0,2019_Jun_16_1308,model
45,0.282,100,0,22.0,600,600,0,3.9,225,1,10,bex_00_3.9_225_01.png,0.8119026961336693,5.0,0.10123934456506126,0.030237374727504377,0,0,bex,0,2019_Jun_16_1308,model
46,0.282,100,0,22.0,600,600,0,3.9,315,0,10,bex_00_3.9_315_00.png,0.8119026961336693,5.0,0.10297795830629163,0.030606209556203443,0,0,bex,0,2019_Jun_16_1308,model
47,0.282,100,0,22.0,600,600,0,3.9,315,1,10,bex_00_3.9_315_01.png,0.8119026961336693,5.0,0.10124556224802564,0.03024124161403586,0,0,bex,0,2019_Jun_16_1308,model
48,0.282,100,0,22.0,600,600,90,-1.0,45,0,10,bex_90_-1_45_00.png,0.8119026961336693,5.0,0.03638709260435219,0.01104670918506495,0,0,bex,0,2019_Jun_16_1308,model
49,0.282,100,0,22.0,600,600,90,-1.0,45,1,10,bex_90_-1_45_01.png,0.8119026961336693,5.0,0.03638709260435219,0.01104670918506495,0,0,bex,0,2019_Jun_16_1308,model
50,0.282,100,0,22.0,600,600,90,-1.0,135,0,10,bex_90_-1_135_00.png,0.8119026961336693,5.0,0.03638709260435219,0.01104670918506495,0,0,bex,0,2019_Jun_16_1308,model
51,0.282,100,0,22.0,600,600,90,-1.0,135,1,10,bex_90_-1_135_01.png,0.8119026961336693,5.0,0.03638709260435219,0.01104670918506495,0,0,bex,0,2019_Jun_16_1308,model
52,0.282,100,0,22.0,600,600,90,-1.0,225,0,10,bex_90_-1_225_00.png,0.8119026961336693,5.0,0.03638709260435219,0.01104670918506495,0,0,bex,0,2019_Jun_16_1308,model
53,0.282,100,0,22.0,600,600,90,-1.0,225,1,10,bex_90_-1_225_01.png,0.8119026961336693,5.0,0.03638709260435219,0.01104670918506495,0,0,bex,0,2019_Jun_16_1308,model
54,0.282,100,0,22.0,600,600,90,-1.0,315,0,10,bex_90_-1_315_00.png,0.8119026961336693,5.0,0.03638709260435219,0.01104670918506495,0,0,bex,0,2019_Jun_16_1308,model
55,0.282,100,0,22.0,600,600,90,-1.0,315,1,10,bex_90_-1_315_01.png,0.8119026961336693,5.0,0.03638709260435219,0.01104670918506495,0,0,bex,0,2019_Jun_16_1308,model
56,0.282,100,0,22.0,600,600,90,0.5,45,0,10,bex_90_0.5_45_00.png,0.8119026961336693,5.0,0.06291688574307847,0.018751462636808266,0,0,bex,0,2019_Jun_16_1308,model
57,0.282,100,0,22.0,600,600,90,0.5,45,1,10,bex_90_0.5_45_01.png,0.8119026961336693,5.0,0.060150171749133466,0.0182314318511445,0,0,bex,0,2019_Jun_16_1308,model
58,0.282,100,0,22.0,600,600,90,0.5,135,0,10,bex_90_0.5_135_00.png,0.8119026961336693,5.0,0.06291688574307847,0.018751462636808266,0,0,bex,0,2019_Jun_16_1308,model
59,0.282,100,0,22.0,600,600,90,0.5,135,1,10,bex_90_0.5_135_01.png,0.8119026961336693,5.0,0.06010569182207334,0.018220432315568365,0,0,bex,0,2019_Jun_16_1308,model
60,0.282,100,0,22.0,600,600,90,0.5,225,0,10,bex_90_0.5_225_00.png,0.8119026961336693,5.0,0.06291688574307847,0.018751462636808266,0,0,bex,0,2019_Jun_16_1308,model
61,0.282,100,0,22.0,600,600,90,0.5,225,1,10,bex_90_0.5_225_01.png,0.8119026961336693,5.0,0.060150171749133466,0.018221852535168854,0,0,bex,0,2019_Jun_16_1308,model
62,0.282,100,0,22.0,600,600,90,0.5,315,0,10,bex_90_0.5_315_00.png,0.8119026961336693,5.0,0.06291688574307847,0.018751462636808266,0,0,bex,0,2019_Jun_16_1308,model
63,0.282,100,0,22.0,600,600,90,0.5,315,1,10,bex_90_0.5_315_01.png,0.8119026961336693,5.0,0.06019461677350925,0.01823202981599186,0,0,bex,0,2019_Jun_16_1308,model
64,0.282,100,0,22.0,600,600,90,0.92,45,0,10,bex_90_0.92_45_00.png,0.8119026961336693,5.0,0.069268516087854,0.0205002994100985,0,0,bex,0,2019_Jun_16_1308,model
65,0.282,100,0,22.0,600,600,90,0.92,45,1,10,bex_90_0.92_45_01.png,0.8119026961336693,5.0,0.06669449076983322,0.02000955086668642,0,0,bex,0,2019_Jun_16_1308,model
66,0.282,100,0,22.0,600,600,90,0.92,135,0,10,bex_90_0.92_135_00.png,0.8119026961336693,5.0,0.069268516087854,0.0205002994100985,0,0,bex,0,2019_Jun_16_1308,model
67,0.282,100,0,22.0,600,600,90,0.92,135,1,10,bex_90_0.92_135_01.png,0.8119026961336693,5.0,0.06665964407495202,0.02000069070088533,0,0,bex,0,2019_Jun_16_1308,model
68,0.282,100,0,22.0,600,600,90,0.92,225,0,10,bex_90_0.92_225_00.png,0.8119026961336693,5.0,0.069268516087854,0.0205002994100985,0,0,bex,0,2019_Jun_16_1308,model
69,0.282,100,0,22.0,600,600,90,0.92,225,1,10,bex_90_0.92_225_01.png,0.8119026961336693,5.0,0.06669449076983322,0.020009232860360864,0,0,bex,0,2019_Jun_16_1308,model
70,0.282,100,0,22.0,600,600,90,0.92,315,0,10,bex_90_0.92_315_00.png,0.8119026961336693,5.0,0.069268516087854,0.0205002994100985,0,0,bex,0,2019_Jun_16_1308,model
71,0.282,100,0,22.0,600,600,90,0.92,315,1,10,bex_90_0.92_315_01.png,0.8119026961336693,5.0,0.06671936926274404,0.02001873101980613,0,0,bex,0,2019_Jun_16_1308,model
72,0.282,100,0,22.0,600,600,90,1.62,45,0,10,bex_90_1.62_45_00.png,0.8119026961336693,5.0,0.0787427374744073,0.023247721649381815,0,0,bex,0,2019_Jun_16_1308,model
73,0.282,100,0,22.0,600,600,90,1.62,45,1,10,bex_90_1.62_45_01.png,0.8119026961336693,5.0,0.07642633979487456,0.022799183339181996,0,0,bex,0,2019_Jun_16_1308,model
74,0.282,100,0,22.0,600,600,90,1.62,135,0,10,bex_90_1.62_135_00.png,0.8119026961336693,5.0,0.0787427374744073,0.023247721649381815,0,0,bex,0,2019_Jun_16_1308,model
75,0.282,100,0,22.0,600,600,90,1.62,135,1,10,bex_90_1.62_135_01.png,0.8119026961336693,5.0,0.07641346824127841,0.022794538580669644,0,0,bex,0,2019_Jun_16_1308,model
76,0.282,100,0,22.0,600,600,90,1.62,225,0,10,bex_90_1.62_225_00.png,0.8119026961336693,5.0,0.0787427374744073,0.023247721649381815,0,0,bex,0,2019_Jun_16_1308,model
77,0.282,100,0,22.0,600,600,90,1.62,225,1,10,bex_90_1.62_225_01.png,0.8119026961336693,5.0,0.07642633979487456,0.02279918333918199,0,0,bex,0,2019_Jun_16_1308,model
78,0.282,100,0,22.0,600,600,90,1.62,315,0,10,bex_90_1.62_315_00.png,0.8119026961336693,5.0,0.0787427374744073,0.023247721649381815,0,0,bex,0,2019_Jun_16_1308,model
79,0.282,100,0,22.0,600,600,90,1.62,315,1,10,bex_90_1.62_315_01.png,0.8119026961336693,5.0,0.07644778706751235,0.022804546848488143,0,0,bex,0,2019_Jun_16_1308,model
80,0.282,100,0,22.0,600,600,90,2.58,45,0,10,bex_90_2.58_45_00.png,0.8119026961336693,5.0,0.08968797205132929,0.026592892111865565,0,0,bex,0,2019_Jun_16_1308,model
81,0.282,100,0,22.0,600,600,90,2.58,45,1,10,bex_90_2.58_45_01.png,0.8119026961336693,5.0,0.08765858057142914,0.026187578199904367,0,0,bex,0,2019_Jun_16_1308,model
82,0.282,100,0,22.0,600,600,90,2.58,135,0,10,bex_90_2.58_135_00.png,0.8119026961336693,5.0,0.08968797205132929,0.026592892111865565,0,0,bex,0,2019_Jun_16_1308,model
83,0.282,100,0,22.0,600,600,90,2.58,135,1,10,bex_90_2.58_135_01.png,0.8119026961336693,5.0,0.08764018575576135,0.026182594352722258,0,0,bex,0,2019_Jun_16_1308,model
84,0.282,100,0,22.0,600,600,90,2.58,225,0,10,bex_90_2.58_225_00.png,0.8119026961336693,5.0,0.08968797205132929,0.026592892111865565,0,0,bex,0,2019_Jun_16_1308,model
85,0.282,100,0,22.0,600,600,90,2.58,225,1,10,bex_90_2.58_225_01.png,0.8119026961336693,5.0,0.08765858057142913,0.026187578199904363,0,0,bex,0,2019_Jun_16_1308,model
86,0.282,100,0,22.0,600,600,90,2.58,315,0,10,bex_90_2.58_315_00.png,0.8119026961336693,5.0,0.08968797205132929,0.026592892111865565,0,0,bex,0,2019_Jun_16_1308,model
87,0.282,100,0,22.0,600,600,90,2.58,315,1,10,bex_90_2.58_315_01.png,0.8119026961336693,5.0,0.08766961534625248,0.0261918413908595,0,0,bex,0,2019_Jun_16_1308,model
88,0.282,100,0,22.0,600,600,90,3.9,45,0,10,bex_90_3.9_45_00.png,0.8119026961336693,5.0,0.10292920894293568,0.030588465051803463,0,0,bex,0,2019_Jun_16_1308,model
89,0.282,100,0,22.0,600,600,90,3.9,45,1,10,bex_90_3.9_45_01.png,0.8119026961336693,5.0,0.10118958662387807,0.030219413648161404,0,0,bex,0,2019_Jun_16_1308,model
90,0.282,100,0,22.0,600,600,90,3.9,135,0,10,bex_90_3.9_135_00.png,0.8119026961336693,5.0,0.10292920894293568,0.030588465051803463,0,0,bex,0,2019_Jun_16_1308,model
91,0.282,100,0,22.0,600,600,90,3.9,135,1,10,bex_90_3.9_135_01.png,0.8119026961336693,5.0,0.10117714255841265,0.030216047365564047,0,0,bex,0,2019_Jun_16_1308,model
92,0.282,100,0,22.0,600,600,90,3.9,225,0,10,bex_90_3.9_225_00.png,0.8119026961336693,5.0,0.10292920894293568,0.030588465051803463,0,0,bex,0,2019_Jun_16_1308,model
93,0.282,100,0,22.0,600,600,90,3.9,225,1,10,bex_90_3.9_225_01.png,0.8119026961336693,5.0,0.10118958662387807,0.0302194136481614,0,0,bex,0,2019_Jun_16_1308,model
94,0.282,100,0,22.0,600,600,90,3.9,315,0,10,bex_90_3.9_315_00.png,0.8119026961336693,5.0,0.10292920894293568,0.030588465051803463,0,0,bex,0,2019_Jun_16_1308,model
95,0.282,100,0,22.0,600,600,90,3.9,315,1,10,bex_90_3.9_315_01.png,0.8119026961336693,5.0,0.10119580796928974,0.030223282832704618,0,0,bex,0,2019_Jun_16_1308,model
96,0.282,100,0,22.0,600,600,180,-1.0,45,0,10,bex_180_-1_45_00.png,0.8119026961336693,5.0,0.036387092604352196,0.011046709185064953,0,0,bex,0,2019_Jun_16_1308,model
97,0.282,100,0,22.0,600,600,180,-1.0,45,1,10,bex_180_-1_45_01.png,0.8119026961336693,5.0,0.036387092604352196,0.011046709185064953,0,0,bex,0,2019_Jun_16_1308,model
98,0.282,100,0,22.0,600,600,180,-1.0,135,0,10,bex_180_-1_135_00.png,0.8119026961336693,5.0,0.036387092604352196,0.011046709185064953,0,0,bex,0,2019_Jun_16_1308,model
99,0.282,100,0,22.0,600,600,180,-1.0,135,1,10,bex_180_-1_135_01.png,0.8119026961336693,5.0,0.036387092604352196,0.011046709185064953,0,0,bex,0,2019_Jun_16_1308,model
100,0.282,100,0,22.0,600,600,180,-1.0,225,0,10,bex_180_-1_225_00.png,0.8119026961336693,5.0,0.036387092604352196,0.011046709185064953,0,0,bex,0,2019_Jun_16_1308,model
101,0.282,100,0,22.0,600,600,180,-1.0,225,1,10,bex_180_-1_225_01.png,0.8119026961336693,5.0,0.036387092604352196,0.011046709185064953,0,0,bex,0,2019_Jun_16_1308,model
102,0.282,100,0,22.0,600,600,180,-1.0,315,0,10,bex_180_-1_315_00.png,0.8119026961336693,5.0,0.036387092604352196,0.011046709185064953,0,0,bex,0,2019_Jun_16_1308,model
103,0.282,100,0,22.0,600,600,180,-1.0,315,1,10,bex_180_-1_315_01.png,0.8119026961336693,5.0,0.036387092604352196,0.011046709185064953,0,0,bex,0,2019_Jun_16_1308,model
104,0.282,100,0,22.0,600,600,180,0.5,45,0,10,bex_180_0.5_45_00.png,0.8119026961336693,5.0,0.06291688574307848,0.018751462636808266,0,0,bex,0,2019_Jun_16_1308,model
105,0.282,100,0,22.0,600,600,180,0.5,45,1,10,bex_180_0.5_45_01.png,0.8119026961336693,5.0,0.060150171749133466,0.01822185253516886,0,0,bex,0,2019_Jun_16_1308,model
106,0.282,100,0,22.0,600,600,180,0.5,135,0,10,bex_180_0.5_135_00.png,0.8119026961336693,5.0,0.06291688574307848,0.018751462636808266,0,0,bex,0,2019_Jun_16_1308,model
107,0.282,100,0,22.0,600,600,180,0.5,135,1,10,bex_180_0.5_135_01.png,0.8119026961336693,5.0,0.06010569182207334,0.01822043231556836,0,0,bex,0,2019_Jun_16_1308,model
108,0.282,100,0,22.0,600,600,180,0.5,225,0,10,bex_180_0.5_225_00.png,0.8119026961336693,5.0,0.06291688574307848,0.018751462636808266,0,0,bex,0,2019_Jun_16_1308,model
109,0.282,100,0,22.0,600,600,180,0.5,225,1,10,bex_180_0.5_225_01.png,0.8119026961336693,5.0,0.06015017174913346,0.018231431851144498,0,0,bex,0,2019_Jun_16_1308,model
110,0.282,100,0,22.0,600,600,180,0.5,315,0,10,bex_180_0.5_315_00.png,0.8119026961336693,5.0,0.06291688574307848,0.018751462636808266,0,0,bex,0,2019_Jun_16_1308,model
111,0.282,100,0,22.0,600,600,180,0.5,315,1,10,bex_180_0.5_315_01.png,0.8119026961336693,5.0,0.06019461677350924,0.018232029815991858,0,0,bex,0,2019_Jun_16_1308,model
112,0.282,100,0,22.0,600,600,180,0.92,45,0,10,bex_180_0.92_45_00.png,0.8119026961336693,5.0,0.069268516087854,0.0205002994100985,0,0,bex,0,2019_Jun_16_1308,model
113,0.282,100,0,22.0,600,600,180,0.92,45,1,10,bex_180_0.92_45_01.png,0.8119026961336693,5.0,0.06669449076983322,0.020009232860360864,0,0,bex,0,2019_Jun_16_1308,model
114,0.282,100,0,22.0,600,600,180,0.92,135,0,10,bex_180_0.92_135_00.png,0.8119026961336693,5.0,0.069268516087854,0.0205002994100985,0,0,bex,0,2019_Jun_16_1308,model
115,0.282,100,0,22.0,600,600,180,0.92,135,1,10,bex_180_0.92_135_01.png,0.8119026961336693,5.0,0.06665964407495212,0.020000690700885334,0,0,bex,0,2019_Jun_16_1308,model
116,0.282,100,0,22.0,600,600,180,0.92,225,0,10,bex_180_0.92_225_00.png,0.8119026961336693,5.0,0.069268516087854,0.0205002994100985,0,0,bex,0,2019_Jun_16_1308,model
117,0.282,100,0,22.0,600,600,180,0.92,225,1,10,bex_180_0.92_225_01.png,0.8119026961336693,5.0,0.06669449076983322,0.020009550866686418,0,0,bex,0,2019_Jun_16_1308,model
118,0.282,100,0,22.0,600,600,180,0.92,315,0,10,bex_180_0.92_315_00.png,0.8119026961336693,5.0,0.069268516087854,0.0205002994100985,0,0,bex,0,2019_Jun_16_1308,model
119,0.282,100,0,22.0,600,600,180,0.92,315,1,10,bex_180_0.92_315_01.png,0.8119026961336693,5.0,0.06671936926274405,0.020018731019806134,0,0,bex,0,2019_Jun_16_1308,model
120,0.282,100,0,22.0,600,600,180,1.62,45,0,10,bex_180_1.62_45_00.png,0.8119026961336693,5.0,0.0787427374744073,0.023247721649381815,0,0,bex,0,2019_Jun_16_1308,model
121,0.282,100,0,22.0,600,600,180,1.62,45,1,10,bex_180_1.62_45_01.png,0.8119026961336693,5.0,0.07642633979487455,0.022799183339181985,0,0,bex,0,2019_Jun_16_1308,model
122,0.282,100,0,22.0,600,600,180,1.62,135,0,10,bex_180_1.62_135_00.png,0.8119026961336693,5.0,0.0787427374744073,0.023247721649381815,0,0,bex,0,2019_Jun_16_1308,model
123,0.282,100,0,22.0,600,600,180,1.62,135,1,10,bex_180_1.62_135_01.png,0.8119026961336693,5.0,0.07641346824127841,0.02279453858066964,0,0,bex,0,2019_Jun_16_1308,model
124,0.282,100,0,22.0,600,600,180,1.62,225,0,10,bex_180_1.62_225_00.png,0.8119026961336693,5.0,0.0787427374744073,0.023247721649381815,0,0,bex,0,2019_Jun_16_1308,model
125,0.282,100,0,22.0,600,600,180,1.62,225,1,10,bex_180_1.62_225_01.png,0.8119026961336693,5.0,0.07642633979487456,0.022799183339182,0,0,bex,0,2019_Jun_16_1308,model
126,0.282,100,0,22.0,600,600,180,1.62,315,0,10,bex_180_1.62_315_00.png,0.8119026961336693,5.0,0.0787427374744073,0.023247721649381815,0,0,bex,0,2019_Jun_16_1308,model
127,0.282,100,0,22.0,600,600,180,1.62,315,1,10,bex_180_1.62_315_01.png,0.8119026961336693,5.0,0.07644778706751235,0.02280454684848814,0,0,bex,0,2019_Jun_16_1308,model
128,0.282,100,0,22.0,600,600,180,2.58,45,0,10,bex_180_2.58_45_00.png,0.8119026961336693,5.0,0.08968797205132929,0.026592892111865562,0,0,bex,0,2019_Jun_16_1308,model
129,0.282,100,0,22.0,600,600,180,2.58,45,1,10,bex_180_2.58_45_01.png,0.8119026961336693,5.0,0.08765858057142914,0.026187578199904363,0,0,bex,0,2019_Jun_16_1308,model
130,0.282,100,0,22.0,600,600,180,2.58,135,0,10,bex_180_2.58_135_00.png,0.8119026961336693,5.0,0.08968797205132929,0.026592892111865562,0,0,bex,0,2019_Jun_16_1308,model
131,0.282,100,0,22.0,600,600,180,2.58,135,1,10,bex_180_2.58_135_01.png,0.8119026961336693,5.0,0.08764018575576135,0.02618259435272225,0,0,bex,0,2019_Jun_16_1308,model
132,0.282,100,0,22.0,600,600,180,2.58,225,0,10,bex_180_2.58_225_00.png,0.8119026961336693,5.0,0.08968797205132929,0.026592892111865562,0,0,bex,0,2019_Jun_16_1308,model
133,0.282,100,0,22.0,600,600,180,2.58,225,1,10,bex_180_2.58_225_01.png,0.8119026961336693,5.0,0.08765858057142913,0.02618757819990436,0,0,bex,0,2019_Jun_16_1308,model
134,0.282,100,0,22.0,600,600,180,2.58,315,0,10,bex_180_2.58_315_00.png,0.8119026961336693,5.0,0.08968797205132929,0.026592892111865562,0,0,bex,0,2019_Jun_16_1308,model
135,0.282,100,0,22.0,600,600,180,2.58,315,1,10,bex_180_2.58_315_01.png,0.8119026961336693,5.0,0.08766961534625248,0.02619184139085951,0,0,bex,0,2019_Jun_16_1308,model
136,0.282,100,0,22.0,600,600,180,3.9,45,0,10,bex_180_3.9_45_00.png,0.8119026961336693,5.0,0.10292920894293568,0.030588465051803463,0,0,bex,0,2019_Jun_16_1308,model
137,0.282,100,0,22.0,600,600,180,3.9,45,1,10,bex_180_3.9_45_01.png,0.8119026961336693,5.0,0.10118958662387807,0.0302194136481614,0,0,bex,0,2019_Jun_16_1308,model
138,0.282,100,0,22.0,600,600,180,3.9,135,0,10,bex_180_3.9_135_00.png,0.8119026961336693,5.0,0.10292920894293568,0.030588465051803463,0,0,bex,0,2019_Jun_16_1308,model
139,0.282,100,0,22.0,600,600,180,3.9,135,1,10,bex_180_3.9_135_01.png,0.8119026961336693,5.0,0.10117714255841265,0.03021604736556405,0,0,bex,0,2019_Jun_16_1308,model
140,0.282,100,0,22.0,600,600,180,3.9,225,0,10,bex_180_3.9_225_00.png,0.8119026961336693,5.0,0.10292920894293568,0.030588465051803463,0,0,bex,0,2019_Jun_16_1308,model
141,0.282,100,0,22.0,600,600,180,3.9,225,1,10,bex_180_3.9_225_01.png,0.8119026961336693,5.0,0.10118958662387807,0.0302194136481614,0,0,bex,0,2019_Jun_16_1308,model
142,0.282,100,0,22.0,600,600,180,3.9,315,0,10,bex_180_3.9_315_00.png,0.8119026961336693,5.0,0.10292920894293568,0.030588465051803463,0,0,bex,0,2019_Jun_16_1308,model
143,0.282,100,0,22.0,600,600,180,3.9,315,1,10,bex_180_3.9_315_01.png,0.8119026961336693,5.0,0.10119580796928974,0.030223282832704614,0,0,bex,0,2019_Jun_16_1308,model
144,0.282,100,0,22.0,600,600,270,-1.0,45,0,10,bex_270_-1_45_00.png,0.8119026961336693,5.0,0.0365366367982275,0.011095749320899202,0,0,bex,0,2019_Jun_16_1308,model
145,0.282,100,0,22.0,600,600,270,-1.0,45,1,10,bex_270_-1_45_01.png,0.8119026961336693,5.0,0.0365366367982275,0.011095749320899202,0,0,bex,0,2019_Jun_16_1308,model
146,0.282,100,0,22.0,600,600,270,-1.0,135,0,10,bex_270_-1_135_00.png,0.8119026961336693,5.0,0.0365366367982275,0.011095749320899202,0,0,bex,0,2019_Jun_16_1308,model
147,0.282,100,0,22.0,600,600,270,-1.0,135,1,10,bex_270_-1_135_01.png,0.8119026961336693,5.0,0.0365366367982275,0.011095749320899202,0,0,bex,0,2019_Jun_16_1308,model
148,0.282,100,0,22.0,600,600,270,-1.0,225,0,10,bex_270_-1_225_00.png,0.8119026961336693,5.0,0.0365366367982275,0.011095749320899202,0,0,bex,0,2019_Jun_16_1308,model
149,0.282,100,0,22.0,600,600,270,-1.0,225,1,10,bex_270_-1_225_01.png,0.8119026961336693,5.0,0.0365366367982275,0.011095749320899202,0,0,bex,0,2019_Jun_16_1308,model
150,0.282,100,0,22.0,600,600,270,-1.0,315,0,10,bex_270_-1_315_00.png,0.8119026961336693,5.0,0.0365366367982275,0.011095749320899202,0,0,bex,0,2019_Jun_16_1308,model
151,0.282,100,0,22.0,600,600,270,-1.0,315,1,10,bex_270_-1_315_01.png,0.8119026961336693,5.0,0.0365366367982275,0.011095749320899202,0,0,bex,0,2019_Jun_16_1308,model
152,0.282,100,0,22.0,600,600,270,0.5,45,0,10,bex_270_0.5_45_00.png,0.8119026961336693,5.0,0.06300159113620495,0.01877965647079332,0,0,bex,0,2019_Jun_16_1308,model
153,0.282,100,0,22.0,600,600,270,0.5,45,1,10,bex_270_0.5_45_01.png,0.8119026961336693,5.0,0.06023902697245565,0.018250864526230988,0,0,bex,0,2019_Jun_16_1308,model
154,0.282,100,0,22.0,600,600,270,0.5,135,0,10,bex_270_0.5_135_00.png,0.8119026961336693,5.0,0.06300159113620495,0.01877965647079332,0,0,bex,0,2019_Jun_16_1308,model
155,0.282,100,0,22.0,600,600,270,0.5,135,1,10,bex_270_0.5_135_01.png,0.8119026961336693,5.0,0.06019461677350925,0.018239681033548213,0,0,bex,0,2019_Jun_16_1308,model
156,0.282,100,0,22.0,600,600,270,0.5,225,0,10,bex_270_0.5_225_00.png,0.8119026961336693,5.0,0.06300159113620495,0.01877965647079332,0,0,bex,0,2019_Jun_16_1308,model
157,0.282,100,0,22.0,600,600,270,0.5,225,1,10,bex_270_0.5_225_01.png,0.8119026961336693,5.0,0.06023902697245565,0.018260963232415273,0,0,bex,0,2019_Jun_16_1308,model
158,0.282,100,0,22.0,600,600,270,0.5,315,0,10,bex_270_0.5_315_00.png,0.8119026961336693,5.0,0.06300159113620495,0.01877965647079332,0,0,bex,0,2019_Jun_16_1308,model
159,0.282,100,0,22.0,600,600,270,0.5,315,1,10,bex_270_0.5_315_01.png,0.8119026961336693,5.0,0.06028340242293914,0.018273923005460754,0,0,bex,0,2019_Jun_16_1308,model
160,0.282,100,0,22.0,600,600,270,0.92,45,0,10,bex_270_0.92_45_00.png,0.8119026961336693,5.0,0.06934490522862018,0.02052685209067098,0,0,bex,0,2019_Jun_16_1308,model
161,0.282,100,0,22.0,600,600,270,0.92,45,1,10,bex_270_0.92_45_01.png,0.8119026961336693,5.0,0.0667740667974181,0.02003643632257851,0,0,bex,0,2019_Jun_16_1308,model
162,0.282,100,0,22.0,600,600,270,0.92,135,0,10,bex_270_0.92_135_00.png,0.8119026961336693,5.0,0.06934490522862018,0.02052685209067098,0,0,bex,0,2019_Jun_16_1308,model
163,0.282,100,0,22.0,600,600,270,0.92,135,1,10,bex_270_0.92_135_01.png,0.8119026961336693,5.0,0.06673926486360462,0.020027600165471834,0,0,bex,0,2019_Jun_16_1308,model
164,0.282,100,0,22.0,600,600,270,0.92,225,0,10,bex_270_0.92_225_00.png,0.8119026961336693,5.0,0.06934490522862018,0.02052685209067098,0,0,bex,0,2019_Jun_16_1308,model
165,0.282,100,0,22.0,600,600,270,0.92,225,1,10,bex_270_0.92_225_01.png,0.8119026961336693,5.0,0.0667740667974181,0.020036718503730424,0,0,bex,0,2019_Jun_16_1308,model
166,0.282,100,0,22.0,600,600,270,0.92,315,0,10,bex_270_0.92_315_00.png,0.8119026961336693,5.0,0.06934490522862018,0.02052685209067098,0,0,bex,0,2019_Jun_16_1308,model
167,0.282,100,0,22.0,600,600,270,0.92,315,1,10,bex_270_0.92_315_01.png,0.8119026961336693,5.0,0.06679891336100516,0.020046218714388796,0,0,bex,0,2019_Jun_16_1308,model
168,0.282,100,0,22.0,600,600,270,1.62,45,0,10,bex_270_1.62_45_00.png,0.8119026961336693,5.0,0.07880911552828054,0.02327106424424918,0,0,bex,0,2019_Jun_16_1308,model
169,0.282,100,0,22.0,600,600,270,1.62,45,1,10,bex_270_1.62_45_01.png,0.8119026961336693,5.0,0.076494947698805,0.022822984688827846,0,0,bex,0,2019_Jun_16_1308,model
170,0.282,100,0,22.0,600,600,270,1.62,135,0,10,bex_270_1.62_135_00.png,0.8119026961336693,5.0,0.07880911552828054,0.02327106424424918,0,0,bex,0,2019_Jun_16_1308,model
171,0.282,100,0,22.0,600,600,270,1.62,135,1,10,bex_270_1.62_135_01.png,0.8119026961336693,5.0,0.07648208889274503,0.022818344775168798,0,0,bex,0,2019_Jun_16_1308,model
172,0.282,100,0,22.0,600,600,270,1.62,225,0,10,bex_270_1.62_225_00.png,0.8119026961336693,5.0,0.07880911552828054,0.02327106424424918,0,0,bex,0,2019_Jun_16_1308,model
173,0.282,100,0,22.0,600,600,270,1.62,225,1,10,bex_270_1.62_225_01.png,0.8119026961336693,5.0,0.076494947698805,0.022822984688827857,0,0,bex,0,2019_Jun_16_1308,model
174,0.282,100,0,22.0,600,600,270,1.62,315,0,10,bex_270_1.62_315_00.png,0.8119026961336693,5.0,0.07880911552828054,0.02327106424424918,0,0,bex,0,2019_Jun_16_1308,model
175,0.282,100,0,22.0,600,600,270,1.62,315,1,10,bex_270_1.62_315_01.png,0.8119026961336693,5.0,0.07651637373984081,0.0228283426060178,0,0,bex,0,2019_Jun_16_1308,model
176,0.282,100,0,22.0,600,600,270,2.58,45,0,10,bex_270_2.58_45_00.png,0.8119026961336693,5.0,0.08974528474921349,0.02661330081080057,0,0,bex,0,2019_Jun_16_1308,model
177,0.282,100,0,22.0,600,600,270,2.58,45,1,10,bex_270_2.58_45_01.png,0.8119026961336693,5.0,0.08771741439361952,0.026208302523226163,0,0,bex,0,2019_Jun_16_1308,model
178,0.282,100,0,22.0,600,600,270,2.58,135,0,10,bex_270_2.58_135_00.png,0.8119026961336693,5.0,0.08974528474921349,0.02661330081080057,0,0,bex,0,2019_Jun_16_1308,model
179,0.282,100,0,22.0,600,600,270,2.58,135,1,10,bex_270_2.58_135_01.png,0.8119026961336693,5.0,0.08769903366420057,0.026203322617791045,0,0,bex,0,2019_Jun_16_1308,model
180,0.282,100,0,22.0,600,600,270,2.58,225,0,10,bex_270_2.58_225_00.png,0.8119026961336693,5.0,0.08974528474921349,0.02661330081080057,0,0,bex,0,2019_Jun_16_1308,model
181,0.282,100,0,22.0,600,600,270,2.58,225,1,10,bex_270_2.58_225_01.png,0.8119026961336693,5.0,0.08771741439361952,0.026208302523226167,0,0,bex,0,2019_Jun_16_1308,model
182,0.282,100,0,22.0,600,600,270,2.58,315,0,10,bex_270_2.58_315_00.png,0.8119026961336693,5.0,0.08974528474921349,0.02661330081080057,0,0,bex,0,2019_Jun_16_1308,model
183,0.282,100,0,22.0,600,600,270,2.58,315,1,10,bex_270_2.58_315_01.png,0.8119026961336693,5.0,0.0877284407209458,0.02621256234359354,0,0,bex,0,2019_Jun_16_1308,model
184,0.282,100,0,22.0,600,600,270,3.9,45,0,10,bex_270_3.9_45_00.png,0.8119026961336693,5.0,0.10297795830629163,0.03060620955620344,0,0,bex,0,2019_Jun_16_1308,model
185,0.282,100,0,22.0,600,600,270,3.9,45,1,10,bex_270_3.9_45_01.png,0.8119026961336693,5.0,0.10123934456506127,0.030237374727504374,0,0,bex,0,2019_Jun_16_1308,model
186,0.282,100,0,22.0,600,600,270,3.9,135,0,10,bex_270_3.9_135_00.png,0.8119026961336693,5.0,0.10297795830629163,0.03060620955620344,0,0,bex,0,2019_Jun_16_1308,model
187,0.282,100,0,22.0,600,600,270,3.9,135,1,10,bex_270_3.9_135_01.png,0.8119026961336693,5.0,0.10122690782651632,0.03023401044471022,0,0,bex,0,2019_Jun_16_1308,model
188,0.282,100,0,22.0,600,600,270,3.9,225,0,10,bex_270_3.9_225_00.png,0.8119026961336693,5.0,0.10297795830629163,0.03060620955620344,0,0,bex,0,2019_Jun_16_1308,model
189,0.282,100,0,22.0,600,600,270,3.9,225,1,10,bex_270_3.9_225_01.png,0.8119026961336693,5.0,0.10123934456506126,0.030237374727504377,0,0,bex,0,2019_Jun_16_1308,model
190,0.282,100,0,22.0,600,600,270,3.9,315,0,10,bex_270_3.9_315_00.png,0.8119026961336693,5.0,0.10297795830629163,0.03060620955620344,0,0,bex,0,2019_Jun_16_1308,model
191,0.282,100,0,22.0,600,600,270,3.9,315,1,10,bex_270_3.9_315_01.png,0.8119026961336693,5.0,0.10124556224802564,0.030241241614035866,0,0,bex,0,2019_Jun_16_1308,model
